level,class,n_rows,additivity_fails,off_grid,label_uncoverable,label_score_one,joint_at_rmax
L0,indoor_plant,21,0.0,0.0,0.0,1.0,0.047619047619047616
L0,bike,21,0.0,0.0,0.0,1.0,0.0
L0,tv_stand,21,0.0,0.0,0.0,1.0,0.14285714285714285
L1,indoor_plant,210,0.023809523809523808,0.0,0.8857142857142857,0.11428571428571428,0.04285714285714286
L1,bike,210,0.023809523809523808,0.0,0.7857142857142857,0.21428571428571427,0.0
L1,tv_stand,210,0.1,0.0,0.7,0.3,0.14285714285714285
L2,indoor_plant,210,0.04285714285714286,0.0,1.0,0.0,0.01904761904761905
L2,bike,210,0.07142857142857142,0.0,0.9714285714285714,0.02857142857142857,0.0
L2,tv_stand,210,0.08571428571428572,0.0,0.8857142857142857,0.10952380952380952,0.1380952380952381
L3,indoor_plant,210,0.03333333333333333,0.0,1.0,0.0,0.0380952380952381
L3,bike,210,0.04285714285714286,0.0,1.0,0.0,0.0
L3,tv_stand,210,0.11904761904761904,0.0,0.919047619047619,0.0761904761904762,0.13333333333333333
L4,indoor_plant,210,0.0761904761904762,0.02857142857142857,1.0,0.0,0.047619047619047616
L4,bike,210,0.11904761904761904,0.01904761904761905,0.9904761904761905,0.009523809523809525,0.0
L4,tv_stand,210,0.17142857142857143,0.004761904761904762,0.9238095238095239,0.0761904761904762,0.0761904761904762
L5,indoor_plant,210,0.11428571428571428,0.6047619047619047,1.0,0.0,0.5523809523809524
L5,bike,210,0.2619047619047619,0.22380952380952382,0.9714285714285714,0.02857142857142857,0.23333333333333334
L5,tv_stand,210,0.20952380952380953,0.2619047619047619,0.9904761904761905,0.009523809523809525,0.20476190476190476
