level,class,region,coverage,coverage_cert,abstain,radius_median,region_cells_mean
L0,indoor_plant,base,0.928125,0.8057432432432432,0.63,0.8500000000000001,111.14285714285714
L0,indoor_plant,grow15,0.928125,0.8057432432432432,0.63,0.8500000000000001,250.66666666666666
L0,indoor_plant,grow30,0.928125,0.8057432432432432,0.63,0.8500000000000001,356.4761904761905
L0,bike,base,0.934375,0.934375,0.0,0.7516648189186454,117.04761904761905
L0,bike,grow15,0.935625,0.935625,0.0,0.7516648189186454,188.28571428571428
L0,bike,grow30,0.934375,0.934375,0.0,0.7516648189186454,239.8095238095238
L2,indoor_plant,base,0.937,0.9207547169811323,0.205,0.8015609770940699,124.05714285714286
L2,indoor_plant,grow15,0.9398125000000002,0.9242924528301886,0.205,0.8,288.35714285714283
L2,indoor_plant,grow30,0.940125,0.9246855345911948,0.205,0.8,406.94761904761907
L2,bike,base,0.94625,0.94625,0.0,0.7516648189186454,126.71428571428571
L2,bike,grow15,0.9425625,0.9425625,0.0,0.70178344238091,215.41904761904763
L2,bike,grow30,0.9414374999999999,0.9414374999999999,0.0,0.70178344238091,273.44761904761907
L4,indoor_plant,base,0.9181874999999999,0.8240591397849462,0.535,1.4866068747318506,275.53333333333336
L4,indoor_plant,grow15,0.9191875,0.8262096774193547,0.535,1.3583077707206126,745.6761904761905
L4,indoor_plant,grow30,0.9191875,0.8262096774193546,0.535,1.3453624047073711,1034.8714285714286
L4,bike,base,0.933125,0.933125,0.0,1.252996408614167,240.6
L4,bike,grow15,0.9329375,0.9329375,0.0,1.1800423721205948,524.2952380952381
L4,bike,grow30,0.934,0.934,0.0,1.110180165558726,685.9380952380952
