held_out_layout,n_test,n_cal,level,class,coverage,abstain
apt_3,1,20,L0,indoor_plant,1.0,0.0
apt_3,1,20,L0,bike,1.0,0.0
apt_3,1,20,L2,indoor_plant,0.9159999999999999,0.0
apt_3,1,20,L2,bike,1.0,0.0
apt_3,1,20,L4,indoor_plant,0.9179999999999998,0.08
apt_3,1,20,L4,bike,0.628,0.0
v3_sc0,5,16,L0,indoor_plant,1.0,1.0
v3_sc0,5,16,L0,bike,1.0,0.0
v3_sc0,5,16,L2,indoor_plant,0.9611999999999999,0.22
v3_sc0,5,16,L2,bike,1.0,0.0
v3_sc0,5,16,L4,indoor_plant,0.9875999999999999,0.88
v3_sc0,5,16,L4,bike,1.0,0.0
v3_sc1,5,16,L0,indoor_plant,1.0,1.0
v3_sc1,5,16,L0,bike,0.7999999999999998,0.0
v3_sc1,5,16,L2,indoor_plant,1.0,0.42
v3_sc1,5,16,L2,bike,0.898,0.0
v3_sc1,5,16,L4,indoor_plant,0.996,0.92
v3_sc1,5,16,L4,bike,0.9164000000000001,0.0
v3_sc2,5,16,L0,indoor_plant,1.0,1.0
v3_sc2,5,16,L0,bike,1.0,0.0
v3_sc2,5,16,L2,indoor_plant,0.9135999999999999,0.48
v3_sc2,5,16,L2,bike,1.0,0.0
v3_sc2,5,16,L4,indoor_plant,1.0,0.82
v3_sc2,5,16,L4,bike,0.9483999999999998,0.0
v3_sc3,5,16,L0,indoor_plant,0.7999999999999998,0.0
v3_sc3,5,16,L0,bike,1.0,0.0
v3_sc3,5,16,L2,indoor_plant,0.9555999999999999,0.26
v3_sc3,5,16,L2,bike,0.9316,0.0
v3_sc3,5,16,L4,indoor_plant,0.76,0.04
v3_sc3,5,16,L4,bike,0.9399999999999998,0.0
