level,class,arm,boot_mean,ci90_lo,ci90_hi
L0,indoor_plant,uncalibrated,0.0,0.0,0.0
L0,indoor_plant,label_cell,1.0,1.0,1.0
L0,indoor_plant,geometry,1.0,1.0,1.0
L0,indoor_plant,label_only,0.8902107142857144,0.8040029761904761,0.9598660714285715
L0,indoor_plant,pose_only,0.0,0.0,0.0
L0,indoor_plant,separate,0.8902107142857144,0.8040029761904761,0.9598660714285715
L0,indoor_plant,joint,0.8902107142857144,0.8040029761904761,0.9598660714285715
L0,bike,uncalibrated,0.0,0.0,0.0
L0,bike,label_cell,1.0,1.0,1.0
L0,bike,geometry,1.0,1.0,1.0
L0,bike,label_only,0.8922190476190477,0.8142857142857143,0.9491428571428572
L0,bike,pose_only,0.0,0.0,0.0
L0,bike,separate,0.8922190476190477,0.8142857142857143,0.9491428571428572
L0,bike,joint,0.8922190476190477,0.8142857142857143,0.9491428571428572
L2,indoor_plant,uncalibrated,0.0,0.0,0.0
L2,indoor_plant,label_cell,0.4117210119047619,0.32497232142857146,0.4924464285714286
L2,indoor_plant,geometry,0.9453439880952381,0.9040163690476191,0.9744732142857142
L2,indoor_plant,label_only,0.9323353869047618,0.8584925595238095,0.9799062499999999
L2,indoor_plant,pose_only,0.004588065476190476,0.0,0.015544642857142854
L2,indoor_plant,separate,0.9733103869047619,0.9477916666666666,0.9913035714285714
L2,indoor_plant,joint,0.9101459523809524,0.8495550595238095,0.9598556547619048
L2,bike,uncalibrated,0.0,0.0,0.0
L2,bike,label_cell,0.7256666666666667,0.6659508928571428,0.7916339285714286
L2,bike,geometry,0.9563475,0.9300297619047619,0.9763458333333332
L2,bike,label_only,0.9016193154761905,0.8263705357142856,0.9562544642857144
L2,bike,pose_only,0.048559374999999995,0.004071428571428572,0.1132202380952381
L2,bike,separate,0.9504638095238094,0.885107142857143,0.9920997023809525
L2,bike,joint,0.9048555059523811,0.8281714285714286,0.9584627976190478
L3,indoor_plant,uncalibrated,0.0,0.0,0.0
L3,indoor_plant,label_cell,0.10032041666666668,0.06108333333333332,0.14197440476190468
L3,indoor_plant,geometry,0.9310205654761904,0.8923973214285714,0.9655267857142859
L3,indoor_plant,label_only,0.9099683333333334,0.8432127976190477,0.958907738095238
L3,indoor_plant,pose_only,0.13490199404761904,0.06513839285714286,0.21922767857142839
L3,indoor_plant,separate,0.9584058928571428,0.8739488095238096,1.0
L3,indoor_plant,joint,0.9084144047619047,0.8400958333333335,0.9551875
L3,bike,uncalibrated,0.004358511904761905,0.0,0.011328571428571412
L3,bike,label_cell,0.33767538690476184,0.25800892857142854,0.4392565476190476
L3,bike,geometry,0.9436578571428571,0.9160535714285715,0.9671752976190475
L3,bike,label_only,0.895403630952381,0.8312366071428571,0.9499642857142858
L3,bike,pose_only,0.2634948214285714,0.126125,0.42248214285714286
L3,bike,separate,0.9841627380952381,0.9632366071428572,1.0
L3,bike,joint,0.909131636904762,0.8375133928571429,0.958986607142857
L4,indoor_plant,uncalibrated,0.0,0.0,0.0
L4,indoor_plant,label_cell,0.0340025,0.014471428571428574,0.0574657738095238
L4,indoor_plant,geometry,0.9253258333333334,0.8864270833333332,0.9503258928571428
L4,indoor_plant,label_only,0.770234375,0.5925059523809524,0.89825
L4,indoor_plant,pose_only,0.8389946130952382,0.7631889880952382,0.8952574404761903
L4,indoor_plant,separate,0.9423057440476191,0.873044642857143,0.9844732142857142
L4,indoor_plant,joint,0.9132534821428571,0.8433035714285715,0.9553452380952382
L4,bike,uncalibrated,0.011641309523809524,0.0,0.029085714285714284
L4,bike,label_cell,0.1841081845238095,0.11617410714285716,0.24212202380952377
L4,bike,geometry,0.9252142261904762,0.8898735119047619,0.9515505952380953
L4,bike,label_only,0.7481182738095237,0.6735208333333332,0.8192235119047618
L4,bike,pose_only,0.815006994047619,0.6931175595238095,0.9092440476190476
L4,bike,separate,0.9696256547619047,0.9478080357142856,0.9868080357142858
L4,bike,joint,0.9222895238095239,0.8789806547619047,0.9586160714285714
