level,class,arm,coverage_mean,coverage_p10,coverage_cert,abstain_rate,radius_median
L0,indoor_plant,uncalibrated,0.0,0.0,0.0,0.0,0.0
L0,indoor_plant,label_cell,1.0,1.0,1.0,0.0,0.0
L0,indoor_plant,geometry,1.0,1.0,1.0,0.0,0.0
L0,indoor_plant,label_only,0.9425,0.75,0.9425,0.0,0.7158910531638177
L0,indoor_plant,pose_only,0.0,0.0,0.0,0.0,0.0
L0,indoor_plant,separate,0.9425,0.75,0.9425,0.0,0.7158910531638177
L0,indoor_plant,joint,0.9425,0.75,0.9425,0.0,0.7158910531638177
L0,tv_stand,uncalibrated,0.0,0.0,0.0,0.0,0.0
L0,tv_stand,label_cell,1.0,1.0,1.0,0.0,0.0
L0,tv_stand,geometry,1.0,1.0,1.0,0.0,0.0
L0,tv_stand,label_only,0.936875,0.75,0.8246527777777778,0.64,1.7182840277439582
L0,tv_stand,pose_only,0.0,0.0,0.0,0.0,0.0
L0,tv_stand,separate,0.936875,0.75,0.8246527777777778,0.64,1.7182840277439582
L0,tv_stand,joint,0.936875,0.75,0.8246527777777778,0.64,1.7182840277439582
L0,bike,uncalibrated,0.0,0.0,0.0,0.0,0.0
L0,bike,label_cell,1.0,1.0,1.0,0.0,0.0
L0,bike,geometry,1.0,1.0,1.0,0.0,0.0
L0,bike,label_only,0.95375,0.75,0.6916666666666667,0.85,0.7071067811865476
L0,bike,pose_only,0.0,0.0,0.0,0.0,0.0
L0,bike,separate,0.95375,0.75,0.6916666666666667,0.85,0.7071067811865476
L0,bike,joint,0.95375,0.75,0.6916666666666667,0.85,0.7071067811865476
L1,indoor_plant,uncalibrated,0.0,0.0,0.0,0.0,0.0
L1,indoor_plant,label_cell,0.864875,0.7987500000000001,0.864875,0.0,0.0
L1,indoor_plant,geometry,0.94375,0.8375,0.94375,0.0,0.07071067811865477
L1,indoor_plant,label_only,0.94375,0.75,0.94375,0.0,0.7158910531638177
L1,indoor_plant,pose_only,0.056624999999999995,0.0,0.056624999999999995,0.0,0.1
L1,indoor_plant,separate,0.9719374999999999,0.75,0.9719374999999999,0.0,0.7866017312824725
L1,indoor_plant,joint,0.94175,0.75,0.94175,0.0,0.7158910531638177
L1,tv_stand,uncalibrated,0.0,0.0,0.0,0.0,0.0
L1,tv_stand,label_cell,0.850875,0.725,0.850875,0.0,0.0
L1,tv_stand,geometry,0.9436874999999999,0.85,0.9436874999999999,0.0,0.1
L1,tv_stand,label_only,0.9363750000000001,0.75,0.8232638888888888,0.64,1.7182840277439582
L1,tv_stand,pose_only,0.09325,0.0,0.09325,0.0,0.158113883008419
L1,tv_stand,separate,0.9377500000000001,0.75,0.8270833333333333,0.64,1.8763979107523772
L1,tv_stand,joint,0.9357500000000001,0.75,0.8215277777777776,0.64,1.7182840277439582
L1,bike,uncalibrated,0.0,0.0,0.0,0.0,0.0
L1,bike,label_cell,0.9671875,0.95,0.9671875,0.0,0.0
L1,bike,geometry,0.9741875,0.95,0.9741875,0.0,0.05
L1,bike,label_only,0.95375,0.75,0.6916666666666667,0.85,0.7071067811865476
L1,bike,pose_only,0.01125,0.0,0.01125,0.0,0.05
L1,bike,separate,0.96125,0.75,0.7416666666666667,0.85,0.7571067811865476
L1,bike,joint,0.9533750000000001,0.75,0.6891666666666667,0.85,0.7071067811865476
L2,indoor_plant,uncalibrated,0.0,0.0,0.0,0.0,0.0
L2,indoor_plant,label_cell,0.40549999999999997,0.3125,0.40549999999999997,0.0,0.0
L2,indoor_plant,geometry,0.9484999999999999,0.8625,0.9484999999999999,0.0,0.1118033988749895
L2,indoor_plant,label_only,0.925,0.75,0.925,0.0,0.7158910531638177
L2,indoor_plant,pose_only,0.04481249999999999,0.0,0.04481249999999999,0.0,0.14142135623730953
L2,indoor_plant,separate,0.9710624999999999,0.75,0.9710624999999999,0.0,0.8485281374238571
L2,indoor_plant,joint,0.9347500000000001,0.75,0.9347500000000001,0.0,0.73824115301167
L2,tv_stand,uncalibrated,0.0,0.0,0.0,0.0,0.0
L2,tv_stand,label_cell,0.7698749999999999,0.65,0.7698749999999999,0.0,0.0
L2,tv_stand,geometry,0.9519999999999998,0.8625,0.9519999999999998,0.0,0.1
L2,tv_stand,label_only,0.9369375,0.75,0.8248263888888889,0.64,1.7182840277439582
L2,tv_stand,pose_only,0.0823125,0.0,0.0823125,0.0,0.1118033988749895
L2,tv_stand,separate,0.9371875,0.75,0.8255208333333334,0.64,1.8300874266189477
L2,tv_stand,joint,0.935625,0.75,0.8211805555555556,0.64,1.711724276862369
L2,bike,uncalibrated,0.0,0.0,0.0,0.0,0.0
L2,bike,label_cell,0.7289374999999998,0.65,0.7289374999999998,0.0,0.0
L2,bike,geometry,0.9573750000000001,0.91125,0.9573750000000001,0.0,0.1
L2,bike,label_only,0.9534375,0.75,0.6895833333333333,0.85,0.7071067811865476
L2,bike,pose_only,0.0730625,0.0,0.0730625,0.0,0.1
L2,bike,separate,0.9604374999999998,0.75,0.73625,0.85,0.7898004508430561
L2,bike,joint,0.95175,0.75,0.6783333333333333,0.85,0.7044451117837287
L3,indoor_plant,uncalibrated,0.0,0.0,0.0,0.0,0.0
L3,indoor_plant,label_cell,0.09893750000000001,0.05,0.09893750000000001,0.0,0.0
L3,indoor_plant,geometry,0.9367500000000001,0.825,0.9367500000000001,0.0,0.223606797749979
L3,indoor_plant,label_only,0.9064375000000001,0.72375,0.9064375000000001,0.0,0.7158910531638177
L3,indoor_plant,pose_only,0.5108125,0.24875000000000003,0.5108125,0.0,0.25495097567963926
L3,indoor_plant,separate,0.9723125,0.9275000000000002,0.9723125,0.0,0.9708420288434569
L3,indoor_plant,joint,0.9345,0.8375,0.9345,0.0,0.7615773105863909
L3,tv_stand,uncalibrated,0.0,0.0,0.0,0.0,0.0
L3,tv_stand,label_cell,0.61475,0.4625,0.61475,0.0,0.0
L3,tv_stand,geometry,0.9466874999999999,0.8612500000000001,0.9466874999999999,0.0,0.14142135623730953
L3,tv_stand,label_only,0.9371875,0.75,0.8255208333333334,0.64,1.7182840277439582
L3,tv_stand,pose_only,0.12325,0.023750000000000028,0.12325,0.0,0.18027756377319948
L3,tv_stand,separate,0.9374375,0.75,0.8262152777777777,0.64,1.8874797511347674
L3,tv_stand,joint,0.93625,0.75,0.8229166666666666,0.64,1.7029386365926404
L3,bike,uncalibrated,0.0053125,0.0,0.0053125,0.0,0.0
L3,bike,label_cell,0.34381249999999997,0.2375,0.34381249999999997,0.0,0.0
L3,bike,geometry,0.941125,0.8625,0.941125,0.0,0.15000000000000002
L3,bike,label_only,0.951,0.75,0.6733333333333333,0.85,0.7071067811865476
L3,bike,pose_only,0.24706250000000002,0.05,0.24706250000000002,0.0,0.20615528128088303
L3,bike,separate,0.9618125000000001,0.75,0.7454166666666667,0.85,0.904929482091029
L3,bike,joint,0.9505000000000001,0.75,0.67,0.85,0.7295972452648716
L4,indoor_plant,uncalibrated,0.0,0.0,0.0,0.0,0.0
L4,indoor_plant,label_cell,0.031,0.0125,0.031,0.0,0.0
L4,indoor_plant,geometry,0.9318125,0.85,0.9318125,0.0,0.7106335201775948
L4,indoor_plant,label_only,0.6335000000000001,0.43500000000000005,0.6335000000000001,0.0,0.7158910531638177
L4,indoor_plant,pose_only,0.8930625000000001,0.76125,0.8874342105263159,0.05,1.3724251165534087
L4,indoor_plant,separate,0.9663125000000001,0.925,0.9645394736842107,0.05,2.0741988238844304
L4,indoor_plant,joint,0.9303125,0.825,0.9266447368421052,0.05,1.680773631397161
L4,tv_stand,uncalibrated,0.0,0.0,0.0,0.0,0.0
L4,tv_stand,label_cell,0.29393749999999996,0.175,0.29393749999999996,0.0,0.0
L4,tv_stand,geometry,0.9390625,0.8375,0.9390625,0.0,0.41231056256176607
L4,tv_stand,label_only,0.9398749999999998,0.7875,0.8329861111111112,0.64,1.7182840277439582
L4,tv_stand,pose_only,0.5786250000000001,0.29875,0.5786250000000001,0.0,0.5678865687494036
L4,tv_stand,separate,0.9470000000000001,0.85,0.8527777777777777,0.64,2.283969452693196
L4,tv_stand,joint,0.9360625,0.7875,0.8815972222222221,0.46,1.929378138157474
L4,bike,uncalibrated,0.004562500000000001,0.0,0.004562500000000001,0.0,0.0
L4,bike,label_cell,0.17856249999999999,0.1125,0.17856249999999999,0.0,0.0
L4,bike,geometry,0.9306875000000001,0.8125,0.9306875000000001,0.0,0.65
L4,bike,label_only,0.9327500000000001,0.6,0.5516666666666665,0.85,0.7071067811865476
L4,bike,pose_only,0.7431874999999999,0.44875000000000004,0.7431874999999999,0.0,0.8544003745317531
L4,bike,separate,0.959375,0.7625,0.7291666666666666,0.85,1.5615071557183007
L4,bike,joint,0.9483124999999998,0.75,0.6959558823529411,0.83,1.165599933827751
L5,indoor_plant,uncalibrated,0.0,0.0,0.0,0.0,0.0
L5,indoor_plant,label_cell,0.008937500000000001,0.0,0.008937500000000001,0.0,0.0
L5,indoor_plant,geometry,1.0,1.0,nan,1.0,nan
L5,indoor_plant,label_only,0.0944375,0.025,0.0944375,0.0,0.7158910531638177
L5,indoor_plant,pose_only,1.0,1.0,nan,1.0,nan
L5,indoor_plant,separate,1.0,1.0,nan,1.0,nan
L5,indoor_plant,joint,1.0,1.0,nan,1.0,nan
L5,tv_stand,uncalibrated,0.0,0.0,0.0,0.0,0.0
L5,tv_stand,label_cell,0.16362500000000002,0.1,0.16362500000000002,0.0,0.0
L5,tv_stand,geometry,0.9535000000000001,0.7875,0.8140000000000001,0.75,1.5008331019803636
L5,tv_stand,label_only,0.8301249999999999,0.47375,0.5281250000000001,0.64,1.7182840277439582
L5,tv_stand,pose_only,0.955375,0.7625,0.6812500000000001,0.86,2.6380848269004566
L5,tv_stand,separate,0.9979375,1.0,0.9410714285714287,0.965,4.169014679745472
L5,tv_stand,joint,0.9954375,1.0,0.771875,0.98,2.8867971366129037
L5,bike,uncalibrated,0.0,0.0,0.0,0.0,0.0
L5,bike,label_cell,0.14831249999999999,0.0875,0.14831249999999999,0.0,0.0
L5,bike,geometry,0.9415625,0.7875,0.8795103092783505,0.515,1.9906029237394383
L5,bike,label_only,0.8829375,0.275,0.21958333333333335,0.85,0.7071067811865476
L5,bike,pose_only,0.962375,1.0,0.6039473684210526,0.905,2.4300205760445737
L5,bike,separate,0.997625,1.0,0.7625,0.99,3.0625196840489686
L5,bike,joint,1.0,1.0,nan,1.0,nan
