source,tasks,loss,level,target,rule,n_scenes,n,margin_median,planned,unsafe,success,unsafe_scene_mean,unsafe_scene_max
risk_slam,pb,plan,SLAM2,0.05,crc,15,233,inf,0.0,0.0,0.0,0.0,0.0
risk_slam,pb,plan,SLAM2,0.05,path,15,233,nan,0.0,0.0,0.0,0.0,0.0
risk_slam,pb,plan,SLAM2,0.1,crc,15,233,0.6,0.1759656652360515,0.05150214592274678,0.10300429184549356,0.04,0.6
risk_slam,pb,plan,SLAM2,0.1,path,15,233,nan,0.0,0.0,0.0,0.0,0.0
risk_slam,pb,plan,SLAM2,0.2,crc,15,233,0.2,0.41201716738197425,0.18025751072961374,0.22317596566523606,0.1461904761904762,0.75
risk_slam,pb,plan,SLAM2,0.2,path,15,233,nan,0.012875536480686695,0.0,0.012875536480686695,0.0,0.0
risk_slam,rand,plan,SLAM2,0.05,crc,21,419,0.4,0.36754176610978523,0.00477326968973747,0.34844868735083534,0.004761904761904762,0.05
risk_slam,rand,plan,SLAM2,0.05,path,21,419,nan,0.0,0.0,0.0,0.0,0.0
risk_slam,rand,plan,SLAM2,0.1,crc,21,419,0.0,0.4128878281622912,0.02386634844868735,0.3747016706443914,0.023809523809523808,0.2
risk_slam,rand,plan,SLAM2,0.1,path,21,419,nan,0.0,0.0,0.0,0.0,0.0
risk_slam,rand,plan,SLAM2,0.2,crc,21,419,0.0,0.4128878281622912,0.02386634844868735,0.3747016706443914,0.023809523809523808,0.2
risk_slam,rand,plan,SLAM2,0.2,path,21,419,nan,0.17899761336515513,0.0,0.17899761336515513,0.0,0.0
