level,arm,n,planned,violation,collision,success,abstained,n_planned,n_violation,violation_given_planned,n_realizations,exposed,fell_back,length_ratio_median
L0,joint,233,0.5965665236051502,0.0,0.0,0.5965665236051502,0.0,139,0,0.0,15,0.0,0.0,1.026083285060669
L0,separate,233,0.5965665236051502,0.0,0.0,0.5965665236051502,0.0,139,0,0.0,15,0.0,0.0,1.026083285060669
L0,label_only,233,0.5965665236051502,0.0,0.0,0.5965665236051502,0.0,139,0,0.0,15,0.0,0.0,1.026083285060669
L0,pose_only,233,0.9914163090128756,0.463519313304721,0.0,0.5278969957081545,0.0,231,108,0.4675324675324675,15,0.9333333333333333,0.0,1.0
L0,uncalibrated,233,0.9914163090128756,0.463519313304721,0.0,0.5278969957081545,0.0,231,108,0.4675324675324675,15,0.9333333333333333,0.0,1.0
L0,label_cell,233,0.26609442060085836,0.0,0.0,0.26609442060085836,0.0,62,0,0.0,15,0.0,0.0,1.0
L0,geometry,233,0.26609442060085836,0.0,0.0,0.26609442060085836,0.0,62,0,0.0,15,0.0,0.0,1.0
L0,oracle,233,1.0,0.0,0.0,1.0,0.0,233,0,0.0,15,0.0,0.0,1.0
SLAM2,joint,233,0.03862660944206009,0.0,0.0,0.03862660944206009,0.0,9,0,0.0,15,0.0,0.0,1.200998444140412
SLAM2,separate,233,0.012875536480686695,0.0,0.0,0.012875536480686695,0.0,3,0,0.0,15,0.0,0.0,1.407921672370106
SLAM2,label_only,233,0.1759656652360515,0.04721030042918455,0.06866952789699571,0.1072961373390558,0.0,41,11,0.2682926829268293,15,0.13333333333333333,0.0,1.0
SLAM2,pose_only,233,0.04291845493562232,0.0,0.0,0.04291845493562232,0.0,10,0,0.0,15,0.0,0.0,1.1846975199754919
SLAM2,uncalibrated,233,0.38626609442060084,0.13733905579399142,0.08583690987124463,0.24034334763948498,0.0,90,32,0.35555555555555557,15,0.7333333333333333,0.0,1.0112077440919347
SLAM2,label_cell,233,0.030042918454935622,0.0,0.0,0.030042918454935622,0.0,7,0,0.0,15,0.26666666666666666,0.0,1.01193244994348
SLAM2,geometry,233,0.0,0.0,0.0,0.0,0.0,0,0,nan,15,0.0,0.0,nan
SLAM2,oracle,233,0.9871244635193133,0.0,0.0,0.9871244635193133,0.0,230,0,0.0,15,0.0,0.0,1.0
