scene,class,detections,area,false_area
apt_3,indoor_plant,v2-s,280,57
apt_3,indoor_plant,ens_max,409,63
apt_3,indoor_plant,ens_mean,323,35
apt_3,indoor_plant,ens_vote2,314,33
apt_3,indoor_plant,cascade,388,59
apt_3,bike,v2-s,402,144
apt_3,bike,ens_max,419,149
apt_3,bike,ens_mean,394,136
apt_3,bike,ens_vote2,394,137
apt_3,bike,cascade,399,133
apt_3,tv_stand,v2-s,304,12
apt_3,tv_stand,ens_max,430,106
apt_3,tv_stand,ens_mean,336,41
apt_3,tv_stand,ens_vote2,302,20
apt_3,tv_stand,cascade,233,5
v3_sc0_staging_00,indoor_plant,v2-s,130,34
v3_sc0_staging_00,indoor_plant,ens_max,270,38
v3_sc0_staging_00,indoor_plant,ens_mean,223,24
v3_sc0_staging_00,indoor_plant,ens_vote2,208,22
v3_sc0_staging_00,indoor_plant,cascade,246,29
v3_sc0_staging_00,bike,v2-s,119,5
v3_sc0_staging_00,bike,ens_max,123,5
v3_sc0_staging_00,bike,ens_mean,122,5
v3_sc0_staging_00,bike,ens_vote2,122,5
v3_sc0_staging_00,bike,cascade,123,5
v3_sc0_staging_00,tv_stand,v2-s,184,136
v3_sc0_staging_00,tv_stand,ens_max,270,158
v3_sc0_staging_00,tv_stand,ens_mean,113,101
v3_sc0_staging_00,tv_stand,ens_vote2,96,70
v3_sc0_staging_00,tv_stand,cascade,217,168
v3_sc0_staging_12,indoor_plant,v2-s,106,35
v3_sc0_staging_12,indoor_plant,ens_max,131,38
v3_sc0_staging_12,indoor_plant,ens_mean,124,34
v3_sc0_staging_12,indoor_plant,ens_vote2,121,35
v3_sc0_staging_12,indoor_plant,cascade,126,35
v3_sc0_staging_12,bike,v2-s,89,31
v3_sc0_staging_12,bike,ens_max,95,33
v3_sc0_staging_12,bike,ens_mean,90,31
v3_sc0_staging_12,bike,ens_vote2,91,31
v3_sc0_staging_12,bike,cascade,95,33
v3_sc0_staging_12,tv_stand,v2-s,51,51
v3_sc0_staging_12,tv_stand,ens_max,96,95
v3_sc0_staging_12,tv_stand,ens_mean,6,6
v3_sc0_staging_12,tv_stand,ens_vote2,4,4
v3_sc0_staging_12,tv_stand,cascade,231,231
v3_sc0_staging_16,indoor_plant,v2-s,88,27
v3_sc0_staging_16,indoor_plant,ens_max,197,34
v3_sc0_staging_16,indoor_plant,ens_mean,160,28
v3_sc0_staging_16,indoor_plant,ens_vote2,129,23
v3_sc0_staging_16,indoor_plant,cascade,151,19
v3_sc0_staging_16,bike,v2-s,107,33
v3_sc0_staging_16,bike,ens_max,121,34
v3_sc0_staging_16,bike,ens_mean,111,33
v3_sc0_staging_16,bike,ens_vote2,111,33
v3_sc0_staging_16,bike,cascade,122,35
v3_sc0_staging_16,tv_stand,v2-s,162,2
v3_sc0_staging_16,tv_stand,ens_max,324,60
v3_sc0_staging_16,tv_stand,ens_mean,180,10
v3_sc0_staging_16,tv_stand,ens_vote2,149,0
v3_sc0_staging_16,tv_stand,cascade,57,28
v3_sc0_staging_19,indoor_plant,v2-s,155,30
v3_sc0_staging_19,indoor_plant,ens_max,194,37
v3_sc0_staging_19,indoor_plant,ens_mean,179,32
v3_sc0_staging_19,indoor_plant,ens_vote2,176,32
v3_sc0_staging_19,indoor_plant,cascade,148,22
v3_sc0_staging_19,bike,v2-s,251,137
v3_sc0_staging_19,bike,ens_max,260,145
v3_sc0_staging_19,bike,ens_mean,250,136
v3_sc0_staging_19,bike,ens_vote2,247,133
v3_sc0_staging_19,bike,cascade,260,145
v3_sc0_staging_19,tv_stand,v2-s,410,304
v3_sc0_staging_19,tv_stand,ens_max,653,443
v3_sc0_staging_19,tv_stand,ens_mean,380,268
v3_sc0_staging_19,tv_stand,ens_vote2,354,252
v3_sc0_staging_19,tv_stand,cascade,460,254
v3_sc0_staging_20,indoor_plant,v2-s,8,8
v3_sc0_staging_20,indoor_plant,ens_max,33,13
v3_sc0_staging_20,indoor_plant,ens_mean,13,7
v3_sc0_staging_20,indoor_plant,ens_vote2,8,7
v3_sc0_staging_20,indoor_plant,cascade,7,7
v3_sc0_staging_20,bike,v2-s,92,14
v3_sc0_staging_20,bike,ens_max,117,29
v3_sc0_staging_20,bike,ens_mean,107,23
v3_sc0_staging_20,bike,ens_vote2,94,16
v3_sc0_staging_20,bike,cascade,129,41
v3_sc0_staging_20,tv_stand,v2-s,232,3
v3_sc0_staging_20,tv_stand,ens_max,356,124
v3_sc0_staging_20,tv_stand,ens_mean,207,2
v3_sc0_staging_20,tv_stand,ens_vote2,206,0
v3_sc0_staging_20,tv_stand,cascade,169,2
v3_sc1_staging_00,indoor_plant,v2-s,101,33
v3_sc1_staging_00,indoor_plant,ens_max,128,33
v3_sc1_staging_00,indoor_plant,ens_mean,115,33
v3_sc1_staging_00,indoor_plant,ens_vote2,112,33
v3_sc1_staging_00,indoor_plant,cascade,131,34
v3_sc1_staging_00,bike,v2-s,108,7
v3_sc1_staging_00,bike,ens_max,111,7
v3_sc1_staging_00,bike,ens_mean,109,7
v3_sc1_staging_00,bike,ens_vote2,109,7
v3_sc1_staging_00,bike,cascade,112,7
v3_sc1_staging_00,tv_stand,v2-s,179,73
v3_sc1_staging_00,tv_stand,ens_max,199,82
v3_sc1_staging_00,tv_stand,ens_mean,57,40
v3_sc1_staging_00,tv_stand,ens_vote2,45,0
v3_sc1_staging_00,tv_stand,cascade,54,54
v3_sc1_staging_06,indoor_plant,v2-s,51,16
v3_sc1_staging_06,indoor_plant,ens_max,60,19
v3_sc1_staging_06,indoor_plant,ens_mean,51,15
v3_sc1_staging_06,indoor_plant,ens_vote2,52,15
v3_sc1_staging_06,indoor_plant,cascade,2,2
v3_sc1_staging_06,bike,v2-s,210,89
v3_sc1_staging_06,bike,ens_max,221,99
v3_sc1_staging_06,bike,ens_mean,215,94
v3_sc1_staging_06,bike,ens_vote2,213,92
v3_sc1_staging_06,bike,cascade,221,99
v3_sc1_staging_06,tv_stand,v2-s,119,0
v3_sc1_staging_06,tv_stand,ens_max,143,9
v3_sc1_staging_06,tv_stand,ens_mean,87,0
v3_sc1_staging_06,tv_stand,ens_vote2,94,0
v3_sc1_staging_06,tv_stand,cascade,106,0
v3_sc1_staging_12,indoor_plant,v2-s,146,30
v3_sc1_staging_12,indoor_plant,ens_max,207,37
v3_sc1_staging_12,indoor_plant,ens_mean,183,29
v3_sc1_staging_12,indoor_plant,ens_vote2,178,30
v3_sc1_staging_12,indoor_plant,cascade,215,36
v3_sc1_staging_12,bike,v2-s,50,3
v3_sc1_staging_12,bike,ens_max,69,6
v3_sc1_staging_12,bike,ens_mean,60,6
v3_sc1_staging_12,bike,ens_vote2,49,3
v3_sc1_staging_12,bike,cascade,63,6
v3_sc1_staging_12,tv_stand,v2-s,335,329
v3_sc1_staging_12,tv_stand,ens_max,408,373
v3_sc1_staging_12,tv_stand,ens_mean,251,226
v3_sc1_staging_12,tv_stand,ens_vote2,49,38
v3_sc1_staging_12,tv_stand,cascade,10,10
v3_sc1_staging_19,indoor_plant,v2-s,120,90
v3_sc1_staging_19,indoor_plant,ens_max,276,120
v3_sc1_staging_19,indoor_plant,ens_mean,211,89
v3_sc1_staging_19,indoor_plant,ens_vote2,177,70
v3_sc1_staging_19,indoor_plant,cascade,224,98
v3_sc1_staging_19,bike,v2-s,124,26
v3_sc1_staging_19,bike,ens_max,131,28
v3_sc1_staging_19,bike,ens_mean,118,23
v3_sc1_staging_19,bike,ens_vote2,120,23
v3_sc1_staging_19,bike,cascade,130,26
v3_sc1_staging_19,tv_stand,v2-s,133,12
v3_sc1_staging_19,tv_stand,ens_max,177,46
v3_sc1_staging_19,tv_stand,ens_mean,22,12
v3_sc1_staging_19,tv_stand,ens_vote2,4,0
v3_sc1_staging_19,tv_stand,cascade,15,15
v3_sc1_staging_20,indoor_plant,v2-s,115,26
v3_sc1_staging_20,indoor_plant,ens_max,140,32
v3_sc1_staging_20,indoor_plant,ens_mean,131,29
v3_sc1_staging_20,indoor_plant,ens_vote2,127,29
v3_sc1_staging_20,indoor_plant,cascade,139,30
v3_sc1_staging_20,bike,v2-s,101,14
v3_sc1_staging_20,bike,ens_max,106,17
v3_sc1_staging_20,bike,ens_mean,102,14
v3_sc1_staging_20,bike,ens_vote2,102,14
v3_sc1_staging_20,bike,cascade,105,16
v3_sc1_staging_20,tv_stand,v2-s,175,143
v3_sc1_staging_20,tv_stand,ens_max,246,169
v3_sc1_staging_20,tv_stand,ens_mean,97,40
v3_sc1_staging_20,tv_stand,ens_vote2,40,6
v3_sc1_staging_20,tv_stand,cascade,125,59
v3_sc2_staging_00,indoor_plant,v2-s,120,26
v3_sc2_staging_00,indoor_plant,ens_max,150,51
v3_sc2_staging_00,indoor_plant,ens_mean,129,31
v3_sc2_staging_00,indoor_plant,ens_vote2,126,29
v3_sc2_staging_00,indoor_plant,cascade,129,30
v3_sc2_staging_00,bike,v2-s,92,0
v3_sc2_staging_00,bike,ens_max,131,4
v3_sc2_staging_00,bike,ens_mean,121,2
v3_sc2_staging_00,bike,ens_vote2,98,2
v3_sc2_staging_00,bike,cascade,133,5
v3_sc2_staging_00,tv_stand,v2-s,338,293
v3_sc2_staging_00,tv_stand,ens_max,415,317
v3_sc2_staging_00,tv_stand,ens_mean,240,209
v3_sc2_staging_00,tv_stand,ens_vote2,198,160
v3_sc2_staging_00,tv_stand,cascade,269,181
v3_sc2_staging_11,indoor_plant,v2-s,105,35
v3_sc2_staging_11,indoor_plant,ens_max,131,35
v3_sc2_staging_11,indoor_plant,ens_mean,126,32
v3_sc2_staging_11,indoor_plant,ens_vote2,119,26
v3_sc2_staging_11,indoor_plant,cascade,129,34
v3_sc2_staging_11,bike,v2-s,15,1
v3_sc2_staging_11,bike,ens_max,22,5
v3_sc2_staging_11,bike,ens_mean,16,0
v3_sc2_staging_11,bike,ens_vote2,15,1
v3_sc2_staging_11,bike,cascade,19,3
v3_sc2_staging_11,tv_stand,v2-s,531,301
v3_sc2_staging_11,tv_stand,ens_max,611,321
v3_sc2_staging_11,tv_stand,ens_mean,401,162
v3_sc2_staging_11,tv_stand,ens_vote2,324,92
v3_sc2_staging_11,tv_stand,cascade,502,302
v3_sc2_staging_13,indoor_plant,v2-s,104,30
v3_sc2_staging_13,indoor_plant,ens_max,147,35
v3_sc2_staging_13,indoor_plant,ens_mean,139,30
v3_sc2_staging_13,indoor_plant,ens_vote2,130,29
v3_sc2_staging_13,indoor_plant,cascade,20,15
v3_sc2_staging_13,bike,v2-s,95,43
v3_sc2_staging_13,bike,ens_max,111,56
v3_sc2_staging_13,bike,ens_mean,95,43
v3_sc2_staging_13,bike,ens_vote2,93,41
v3_sc2_staging_13,bike,cascade,107,52
v3_sc2_staging_13,tv_stand,v2-s,48,48
v3_sc2_staging_13,tv_stand,ens_max,115,90
v3_sc2_staging_13,tv_stand,ens_mean,13,12
v3_sc2_staging_13,tv_stand,ens_vote2,0,0
v3_sc2_staging_13,tv_stand,cascade,79,54
v3_sc2_staging_19,indoor_plant,v2-s,138,11
v3_sc2_staging_19,indoor_plant,ens_max,183,13
v3_sc2_staging_19,indoor_plant,ens_mean,163,7
v3_sc2_staging_19,indoor_plant,ens_vote2,152,6
v3_sc2_staging_19,indoor_plant,cascade,188,9
v3_sc2_staging_19,bike,v2-s,113,29
v3_sc2_staging_19,bike,ens_max,117,29
v3_sc2_staging_19,bike,ens_mean,115,29
v3_sc2_staging_19,bike,ens_vote2,113,29
v3_sc2_staging_19,bike,cascade,117,29
v3_sc2_staging_19,tv_stand,v2-s,283,23
v3_sc2_staging_19,tv_stand,ens_max,345,79
v3_sc2_staging_19,tv_stand,ens_mean,235,11
v3_sc2_staging_19,tv_stand,ens_vote2,233,11
v3_sc2_staging_19,tv_stand,cascade,178,18
v3_sc2_staging_20,indoor_plant,v2-s,153,51
v3_sc2_staging_20,indoor_plant,ens_max,209,56
v3_sc2_staging_20,indoor_plant,ens_mean,185,45
v3_sc2_staging_20,indoor_plant,ens_vote2,177,46
v3_sc2_staging_20,indoor_plant,cascade,172,37
v3_sc2_staging_20,bike,v2-s,36,0
v3_sc2_staging_20,bike,ens_max,41,0
v3_sc2_staging_20,bike,ens_mean,40,0
v3_sc2_staging_20,bike,ens_vote2,36,0
v3_sc2_staging_20,bike,cascade,41,0
v3_sc2_staging_20,tv_stand,v2-s,33,33
v3_sc2_staging_20,tv_stand,ens_max,205,92
v3_sc2_staging_20,tv_stand,ens_mean,74,27
v3_sc2_staging_20,tv_stand,ens_vote2,0,0
v3_sc2_staging_20,tv_stand,cascade,25,25
v3_sc3_staging_03,indoor_plant,v2-s,164,14
v3_sc3_staging_03,indoor_plant,ens_max,221,19
v3_sc3_staging_03,indoor_plant,ens_mean,192,13
v3_sc3_staging_03,indoor_plant,ens_vote2,181,14
v3_sc3_staging_03,indoor_plant,cascade,171,14
v3_sc3_staging_03,bike,v2-s,113,34
v3_sc3_staging_03,bike,ens_max,113,34
v3_sc3_staging_03,bike,ens_mean,113,34
v3_sc3_staging_03,bike,ens_vote2,113,34
v3_sc3_staging_03,bike,cascade,113,34
v3_sc3_staging_03,tv_stand,v2-s,130,130
v3_sc3_staging_03,tv_stand,ens_max,298,164
v3_sc3_staging_03,tv_stand,ens_mean,24,13
v3_sc3_staging_03,tv_stand,ens_vote2,0,0
v3_sc3_staging_03,tv_stand,cascade,207,36
v3_sc3_staging_04,indoor_plant,v2-s,66,30
v3_sc3_staging_04,indoor_plant,ens_max,224,88
v3_sc3_staging_04,indoor_plant,ens_mean,173,56
v3_sc3_staging_04,indoor_plant,ens_vote2,167,50
v3_sc3_staging_04,indoor_plant,cascade,187,63
v3_sc3_staging_04,bike,v2-s,7,0
v3_sc3_staging_04,bike,ens_max,57,11
v3_sc3_staging_04,bike,ens_mean,28,0
v3_sc3_staging_04,bike,ens_vote2,10,0
v3_sc3_staging_04,bike,cascade,48,10
v3_sc3_staging_04,tv_stand,v2-s,118,73
v3_sc3_staging_04,tv_stand,ens_max,193,111
v3_sc3_staging_04,tv_stand,ens_mean,44,33
v3_sc3_staging_04,tv_stand,ens_vote2,2,0
v3_sc3_staging_04,tv_stand,cascade,89,75
v3_sc3_staging_08,indoor_plant,v2-s,13,13
v3_sc3_staging_08,indoor_plant,ens_max,19,17
v3_sc3_staging_08,indoor_plant,ens_mean,15,14
v3_sc3_staging_08,indoor_plant,ens_vote2,15,14
v3_sc3_staging_08,indoor_plant,cascade,13,13
v3_sc3_staging_08,bike,v2-s,103,23
v3_sc3_staging_08,bike,ens_max,126,30
v3_sc3_staging_08,bike,ens_mean,94,12
v3_sc3_staging_08,bike,ens_vote2,97,15
v3_sc3_staging_08,bike,cascade,131,34
v3_sc3_staging_08,tv_stand,v2-s,361,93
v3_sc3_staging_08,tv_stand,ens_max,362,94
v3_sc3_staging_08,tv_stand,ens_mean,220,4
v3_sc3_staging_08,tv_stand,ens_vote2,91,0
v3_sc3_staging_08,tv_stand,cascade,204,0
v3_sc3_staging_15,indoor_plant,v2-s,44,39
v3_sc3_staging_15,indoor_plant,ens_max,145,46
v3_sc3_staging_15,indoor_plant,ens_mean,99,39
v3_sc3_staging_15,indoor_plant,ens_vote2,67,39
v3_sc3_staging_15,indoor_plant,cascade,127,41
v3_sc3_staging_15,bike,v2-s,99,23
v3_sc3_staging_15,bike,ens_max,132,42
v3_sc3_staging_15,bike,ens_mean,124,36
v3_sc3_staging_15,bike,ens_vote2,104,25
v3_sc3_staging_15,bike,cascade,119,35
v3_sc3_staging_15,tv_stand,v2-s,482,157
v3_sc3_staging_15,tv_stand,ens_max,590,265
v3_sc3_staging_15,tv_stand,ens_mean,388,86
v3_sc3_staging_15,tv_stand,ens_vote2,304,1
v3_sc3_staging_15,tv_stand,cascade,184,142
v3_sc3_staging_20,indoor_plant,v2-s,127,30
v3_sc3_staging_20,indoor_plant,ens_max,149,38
v3_sc3_staging_20,indoor_plant,ens_mean,126,26
v3_sc3_staging_20,indoor_plant,ens_vote2,123,24
v3_sc3_staging_20,indoor_plant,cascade,137,31
v3_sc3_staging_20,bike,v2-s,132,20
v3_sc3_staging_20,bike,ens_max,146,29
v3_sc3_staging_20,bike,ens_mean,135,21
v3_sc3_staging_20,bike,ens_vote2,132,21
v3_sc3_staging_20,bike,cascade,150,34
v3_sc3_staging_20,tv_stand,v2-s,389,181
v3_sc3_staging_20,tv_stand,ens_max,515,293
v3_sc3_staging_20,tv_stand,ens_mean,231,39
v3_sc3_staging_20,tv_stand,ens_vote2,267,67
v3_sc3_staging_20,tv_stand,cascade,51,0
