tasks,level,target_risk,n,certified,unsafe_and_certified,unsafe_given_certified,collision_given_certified
rand,L0,0.1,420,0.047619047619047616,0.0,0.0,0.0
rand,L0,0.2,420,0.7690476190476191,0.0,0.0,0.0
rand,L0,0.3,420,0.7785714285714286,0.0,0.0,0.0
rand,L0,0.4,420,0.8023809523809524,0.0,0.0,0.0
rand,L0,0.6,420,0.8285714285714286,0.0,0.0,0.0
rand,L0,0.8,420,0.8285714285714286,0.0,0.0,0.0
rand,L0,1.0,420,0.8333333333333334,0.0,0.0,0.0
rand,L2,0.1,2100,0.39714285714285713,0.0,0.0,0.0
rand,L2,0.2,2100,0.6995238095238095,0.0,0.0,0.011572498298162015
rand,L2,0.3,2100,0.7590476190476191,0.0,0.0,0.01066499372647428
rand,L2,0.4,2100,0.770952380952381,0.0,0.0,0.010500308832612723
rand,L2,0.6,2100,0.8033333333333333,0.0,0.0,0.01007705986959099
rand,L2,0.8,2100,0.8119047619047619,0.0,0.0,0.00997067448680352
rand,L2,1.0,2100,0.8452380952380952,0.0,0.0,0.009577464788732394
rand,L3,0.1,2100,0.2904761904761905,0.0,0.0,0.014754098360655738
rand,L3,0.2,2100,0.710952380952381,0.0,0.0,0.04822505023442733
rand,L3,0.3,2100,0.7228571428571429,0.0,0.0,0.05138339920948617
rand,L3,0.4,2100,0.7390476190476191,0.0,0.0,0.05025773195876289
rand,L3,0.6,2100,0.7533333333333333,0.0,0.0,0.05246523388116309
rand,L3,0.8,2100,0.7695238095238095,0.0,0.0,0.05198019801980198
rand,L3,1.0,2100,0.8047619047619048,0.0009523809523809524,0.001183431952662722,0.05088757396449704
rand,L4,0.1,2100,0.017142857142857144,0.0,0.0,0.027777777777777776
rand,L4,0.2,2100,0.18714285714285714,0.0,0.0,0.14249363867684478
rand,L4,0.3,2100,0.2219047619047619,0.0,0.0,0.13733905579399142
rand,L4,0.4,2100,0.24095238095238095,0.0,0.0,0.13636363636363635
rand,L4,0.6,2100,0.2719047619047619,0.0,0.0,0.13134851138353765
rand,L4,0.8,2100,0.28476190476190477,0.0,0.0,0.13377926421404682
rand,L4,1.0,2100,0.3019047619047619,0.0,0.0,0.13406940063091483
