scene,level,arm,class,lam,radius,fallback_radius
apt_3,L0,uncalibrated,indoor_plant,0.05,0.0,0.0
apt_3,L0,uncalibrated,bike,0.05,0.0,0.0
apt_3,L0,label_cell,indoor_plant,0.0,0.0,0.0
apt_3,L0,label_cell,bike,0.0,0.0,0.0
apt_3,L0,label_only,indoor_plant,,,0.0
apt_3,L0,label_only,bike,0.05,0.8015609770940699,0.0
apt_3,L0,pose_only,indoor_plant,0.05,0.0,0.0
apt_3,L0,pose_only,bike,0.05,0.0,0.0
apt_3,L0,separate,indoor_plant,,,0.0
apt_3,L0,separate,bike,0.05,0.8015609770940699,0.0
apt_3,L0,joint,indoor_plant,,,0.0
apt_3,L0,joint,bike,0.05,0.8015609770940699,0.0
apt_3,L2,uncalibrated,indoor_plant,0.05,0.0,0.1118033988749895
apt_3,L2,uncalibrated,bike,0.05,0.0,0.14142135623730953
apt_3,L2,label_cell,indoor_plant,0.0,0.0,0.1118033988749895
apt_3,L2,label_cell,bike,0.0,0.0,0.14142135623730953
apt_3,L2,label_only,indoor_plant,,,0.1118033988749895
apt_3,L2,label_only,bike,0.05,0.8015609770940699,0.14142135623730953
apt_3,L2,pose_only,indoor_plant,0.05,0.1118033988749895,0.1118033988749895
apt_3,L2,pose_only,bike,0.05,0.14142135623730953,0.14142135623730953
apt_3,L2,separate,indoor_plant,,,0.1118033988749895
apt_3,L2,separate,bike,0.05,0.9429823333313795,0.14142135623730953
apt_3,L2,joint,indoor_plant,0.05,1.2083045973594573,0.1118033988749895
apt_3,L2,joint,bike,0.05,0.7516648189186454,0.14142135623730953
apt_3,L3,uncalibrated,indoor_plant,0.05,0.0,0.25495097567963926
apt_3,L3,uncalibrated,bike,0.05,0.0,0.15000000000000002
apt_3,L3,label_cell,indoor_plant,0.0,0.0,0.25495097567963926
apt_3,L3,label_cell,bike,0.0,0.0,0.15000000000000002
apt_3,L3,label_only,indoor_plant,,,0.25495097567963926
apt_3,L3,label_only,bike,0.05,0.8015609770940699,0.15000000000000002
apt_3,L3,pose_only,indoor_plant,0.05,0.25495097567963926,0.25495097567963926
apt_3,L3,pose_only,bike,0.05,0.15000000000000002,0.15000000000000002
apt_3,L3,separate,indoor_plant,,,0.25495097567963926
apt_3,L3,separate,bike,0.05,0.95156097709407,0.15000000000000002
apt_3,L3,joint,indoor_plant,0.05,0.95524865872714,0.25495097567963926
apt_3,L3,joint,bike,0.05,0.8062257748298549,0.15000000000000002
