scene,level,seed,task,margin,planned,violation,collision,length,clearance_indoor_plant,clearance_bike
v3_sc2_staging_13,SLAM2,0,0,0.0,False,False,False,nan,nan,nan
v3_sc2_staging_13,SLAM2,0,1,0.0,False,False,False,nan,nan,nan
v3_sc2_staging_13,SLAM2,0,2,0.0,True,False,False,4.172792206135786,0.10000000000000009,1.7505554869853799
v3_sc2_staging_13,SLAM2,0,3,0.0,False,False,False,nan,nan,nan
v3_sc2_staging_13,SLAM2,0,4,0.0,True,False,False,3.804163056034261,0.05901699437494745,1.4557607215607946
v3_sc2_staging_13,SLAM2,0,5,0.0,True,False,False,5.988477631085024,0.002493781056044475,1.5506096654409878
v3_sc2_staging_13,SLAM2,0,6,0.0,True,False,False,4.631370849898476,0.10000000000000009,1.8005434140654684
v3_sc2_staging_13,SLAM2,0,7,0.0,True,False,False,5.272792206135787,0.002493781056044475,1.5506096654409878
v3_sc2_staging_13,SLAM2,0,8,0.0,False,False,False,nan,nan,nan
v3_sc2_staging_13,SLAM2,0,9,0.0,False,False,False,nan,nan,nan
v3_sc2_staging_13,SLAM2,0,10,0.0,True,False,False,5.105634918610405,0.15000000000000002,1.5024984394500787
v3_sc2_staging_13,SLAM2,0,11,0.0,True,False,False,5.42842712474619,0.06568542494923812,1.4557607215607946
v3_sc2_staging_13,SLAM2,0,12,0.0,False,False,False,nan,nan,nan
v3_sc2_staging_13,SLAM2,0,13,0.0,False,False,False,nan,nan,nan
v3_sc2_staging_13,SLAM2,0,14,0.0,False,False,False,nan,nan,nan
v3_sc2_staging_13,SLAM2,0,15,0.0,False,False,False,nan,nan,nan
v3_sc2_staging_13,SLAM2,0,16,0.0,True,False,False,4.033452377915607,0.10207972893961481,1.6
v3_sc2_staging_13,SLAM2,0,17,0.0,False,False,False,nan,nan,nan
v3_sc2_staging_13,SLAM2,0,18,0.0,False,False,False,nan,nan,nan
v3_sc2_staging_13,SLAM2,0,19,0.0,True,False,False,5.324873734152916,0.20000000000000007,1.6
v3_sc2_staging_13,SLAM2,0,0,0.1,False,False,False,nan,nan,nan
v3_sc2_staging_13,SLAM2,0,1,0.1,False,False,False,nan,nan,nan
v3_sc2_staging_13,SLAM2,0,2,0.1,True,False,False,4.172792206135786,0.10000000000000009,1.7505554869853799
v3_sc2_staging_13,SLAM2,0,3,0.1,False,False,False,nan,nan,nan
v3_sc2_staging_13,SLAM2,0,4,0.1,True,False,False,3.8041630560342607,0.21589105316381774,1.4557607215607946
v3_sc2_staging_13,SLAM2,0,5,0.1,True,False,False,5.988477631085024,0.10000000000000009,1.5506096654409878
v3_sc2_staging_13,SLAM2,0,6,0.1,True,False,False,4.631370849898476,0.10000000000000009,1.8005434140654684
v3_sc2_staging_13,SLAM2,0,7,0.1,True,False,False,5.272792206135787,0.10000000000000009,1.5506096654409878
v3_sc2_staging_13,SLAM2,0,8,0.1,False,False,False,nan,nan,nan
v3_sc2_staging_13,SLAM2,0,9,0.1,False,False,False,nan,nan,nan
v3_sc2_staging_13,SLAM2,0,10,0.1,True,False,False,5.105634918610405,0.15000000000000002,1.5024984394500787
v3_sc2_staging_13,SLAM2,0,11,0.1,True,False,False,5.42842712474619,0.10207972893961481,1.4557607215607946
v3_sc2_staging_13,SLAM2,0,12,0.1,False,False,False,nan,nan,nan
v3_sc2_staging_13,SLAM2,0,13,0.1,False,False,False,nan,nan,nan
v3_sc2_staging_13,SLAM2,0,14,0.1,False,False,False,nan,nan,nan
v3_sc2_staging_13,SLAM2,0,15,0.1,False,False,False,nan,nan,nan
v3_sc2_staging_13,SLAM2,0,16,0.1,True,False,False,4.033452377915607,0.10207972893961481,1.6
v3_sc2_staging_13,SLAM2,0,17,0.1,False,False,False,nan,nan,nan
v3_sc2_staging_13,SLAM2,0,18,0.1,False,False,False,nan,nan,nan
v3_sc2_staging_13,SLAM2,0,19,0.1,True,False,False,5.324873734152916,0.20000000000000007,1.6
v3_sc2_staging_13,SLAM2,0,0,0.2,False,False,False,nan,nan,nan
v3_sc2_staging_13,SLAM2,0,1,0.2,False,False,False,nan,nan,nan
v3_sc2_staging_13,SLAM2,0,2,0.2,True,False,False,4.172792206135786,0.20000000000000007,1.7505554869853799
v3_sc2_staging_13,SLAM2,0,3,0.2,False,False,False,nan,nan,nan
v3_sc2_staging_13,SLAM2,0,4,0.2,True,False,False,3.8041630560342607,0.21589105316381774,1.4557607215607946
v3_sc2_staging_13,SLAM2,0,5,0.2,True,False,False,5.988477631085024,0.20000000000000007,1.5506096654409878
v3_sc2_staging_13,SLAM2,0,6,0.2,True,False,False,4.672792206135785,0.20000000000000007,1.8005434140654684
v3_sc2_staging_13,SLAM2,0,7,0.2,True,False,False,5.2935028842544405,0.20000000000000007,1.5506096654409878
v3_sc2_staging_13,SLAM2,0,8,0.2,False,False,False,nan,nan,nan
v3_sc2_staging_13,SLAM2,0,9,0.2,False,False,False,nan,nan,nan
v3_sc2_staging_13,SLAM2,0,10,0.2,True,False,False,5.147056274847714,0.20000000000000007,1.5024984394500787
v3_sc2_staging_13,SLAM2,0,11,0.2,True,False,False,5.42842712474619,0.20710678118654757,1.4557607215607946
v3_sc2_staging_13,SLAM2,0,12,0.2,False,False,False,nan,nan,nan
v3_sc2_staging_13,SLAM2,0,13,0.2,False,False,False,nan,nan,nan
v3_sc2_staging_13,SLAM2,0,14,0.2,False,False,False,nan,nan,nan
v3_sc2_staging_13,SLAM2,0,15,0.2,False,False,False,nan,nan,nan
v3_sc2_staging_13,SLAM2,0,16,0.2,True,False,False,4.033452377915607,0.21589105316381774,1.6
v3_sc2_staging_13,SLAM2,0,17,0.2,False,False,False,nan,nan,nan
v3_sc2_staging_13,SLAM2,0,18,0.2,False,False,False,nan,nan,nan
v3_sc2_staging_13,SLAM2,0,19,0.2,True,False,False,5.324873734152916,0.20000000000000007,1.6
v3_sc2_staging_13,SLAM2,0,0,0.3,False,False,False,nan,nan,nan
v3_sc2_staging_13,SLAM2,0,1,0.3,False,False,False,nan,nan,nan
v3_sc2_staging_13,SLAM2,0,2,0.3,False,False,False,nan,nan,nan
v3_sc2_staging_13,SLAM2,0,3,0.3,False,False,False,nan,nan,nan
v3_sc2_staging_13,SLAM2,0,4,0.3,False,False,False,nan,nan,nan
v3_sc2_staging_13,SLAM2,0,5,0.3,False,False,False,nan,nan,nan
v3_sc2_staging_13,SLAM2,0,6,0.3,False,False,False,nan,nan,nan
v3_sc2_staging_13,SLAM2,0,7,0.3,False,False,False,nan,nan,nan
v3_sc2_staging_13,SLAM2,0,8,0.3,False,False,False,nan,nan,nan
v3_sc2_staging_13,SLAM2,0,9,0.3,False,False,False,nan,nan,nan
v3_sc2_staging_13,SLAM2,0,10,0.3,False,False,False,nan,nan,nan
v3_sc2_staging_13,SLAM2,0,11,0.3,False,False,False,nan,nan,nan
v3_sc2_staging_13,SLAM2,0,12,0.3,False,False,False,nan,nan,nan
v3_sc2_staging_13,SLAM2,0,13,0.3,False,False,False,nan,nan,nan
v3_sc2_staging_13,SLAM2,0,14,0.3,False,False,False,nan,nan,nan
v3_sc2_staging_13,SLAM2,0,15,0.3,False,False,False,nan,nan,nan
v3_sc2_staging_13,SLAM2,0,16,0.3,False,False,False,nan,nan,nan
v3_sc2_staging_13,SLAM2,0,17,0.3,False,False,False,nan,nan,nan
v3_sc2_staging_13,SLAM2,0,18,0.3,False,False,False,nan,nan,nan
v3_sc2_staging_13,SLAM2,0,19,0.3,False,False,False,nan,nan,nan
v3_sc2_staging_13,SLAM2,0,0,0.4,False,False,False,nan,nan,nan
v3_sc2_staging_13,SLAM2,0,1,0.4,False,False,False,nan,nan,nan
v3_sc2_staging_13,SLAM2,0,2,0.4,False,False,False,nan,nan,nan
v3_sc2_staging_13,SLAM2,0,3,0.4,False,False,False,nan,nan,nan
v3_sc2_staging_13,SLAM2,0,4,0.4,False,False,False,nan,nan,nan
v3_sc2_staging_13,SLAM2,0,5,0.4,False,False,False,nan,nan,nan
v3_sc2_staging_13,SLAM2,0,6,0.4,False,False,False,nan,nan,nan
v3_sc2_staging_13,SLAM2,0,7,0.4,False,False,False,nan,nan,nan
v3_sc2_staging_13,SLAM2,0,8,0.4,False,False,False,nan,nan,nan
v3_sc2_staging_13,SLAM2,0,9,0.4,False,False,False,nan,nan,nan
v3_sc2_staging_13,SLAM2,0,10,0.4,False,False,False,nan,nan,nan
v3_sc2_staging_13,SLAM2,0,11,0.4,False,False,False,nan,nan,nan
v3_sc2_staging_13,SLAM2,0,12,0.4,False,False,False,nan,nan,nan
v3_sc2_staging_13,SLAM2,0,13,0.4,False,False,False,nan,nan,nan
v3_sc2_staging_13,SLAM2,0,14,0.4,False,False,False,nan,nan,nan
v3_sc2_staging_13,SLAM2,0,15,0.4,False,False,False,nan,nan,nan
v3_sc2_staging_13,SLAM2,0,16,0.4,False,False,False,nan,nan,nan
v3_sc2_staging_13,SLAM2,0,17,0.4,False,False,False,nan,nan,nan
v3_sc2_staging_13,SLAM2,0,18,0.4,False,False,False,nan,nan,nan
v3_sc2_staging_13,SLAM2,0,19,0.4,False,False,False,nan,nan,nan
v3_sc2_staging_13,SLAM2,0,0,0.5,False,False,False,nan,nan,nan
v3_sc2_staging_13,SLAM2,0,1,0.5,False,False,False,nan,nan,nan
v3_sc2_staging_13,SLAM2,0,2,0.5,False,False,False,nan,nan,nan
v3_sc2_staging_13,SLAM2,0,3,0.5,False,False,False,nan,nan,nan
v3_sc2_staging_13,SLAM2,0,4,0.5,False,False,False,nan,nan,nan
v3_sc2_staging_13,SLAM2,0,5,0.5,False,False,False,nan,nan,nan
v3_sc2_staging_13,SLAM2,0,6,0.5,False,False,False,nan,nan,nan
v3_sc2_staging_13,SLAM2,0,7,0.5,False,False,False,nan,nan,nan
v3_sc2_staging_13,SLAM2,0,8,0.5,False,False,False,nan,nan,nan
v3_sc2_staging_13,SLAM2,0,9,0.5,False,False,False,nan,nan,nan
v3_sc2_staging_13,SLAM2,0,10,0.5,False,False,False,nan,nan,nan
v3_sc2_staging_13,SLAM2,0,11,0.5,False,False,False,nan,nan,nan
v3_sc2_staging_13,SLAM2,0,12,0.5,False,False,False,nan,nan,nan
v3_sc2_staging_13,SLAM2,0,13,0.5,False,False,False,nan,nan,nan
v3_sc2_staging_13,SLAM2,0,14,0.5,False,False,False,nan,nan,nan
v3_sc2_staging_13,SLAM2,0,15,0.5,False,False,False,nan,nan,nan
v3_sc2_staging_13,SLAM2,0,16,0.5,False,False,False,nan,nan,nan
v3_sc2_staging_13,SLAM2,0,17,0.5,False,False,False,nan,nan,nan
v3_sc2_staging_13,SLAM2,0,18,0.5,False,False,False,nan,nan,nan
v3_sc2_staging_13,SLAM2,0,19,0.5,False,False,False,nan,nan,nan
v3_sc2_staging_13,SLAM2,0,0,0.6,False,False,False,nan,nan,nan
v3_sc2_staging_13,SLAM2,0,1,0.6,False,False,False,nan,nan,nan
v3_sc2_staging_13,SLAM2,0,2,0.6,False,False,False,nan,nan,nan
v3_sc2_staging_13,SLAM2,0,3,0.6,False,False,False,nan,nan,nan
v3_sc2_staging_13,SLAM2,0,4,0.6,False,False,False,nan,nan,nan
v3_sc2_staging_13,SLAM2,0,5,0.6,False,False,False,nan,nan,nan
v3_sc2_staging_13,SLAM2,0,6,0.6,False,False,False,nan,nan,nan
v3_sc2_staging_13,SLAM2,0,7,0.6,False,False,False,nan,nan,nan
v3_sc2_staging_13,SLAM2,0,8,0.6,False,False,False,nan,nan,nan
v3_sc2_staging_13,SLAM2,0,9,0.6,False,False,False,nan,nan,nan
v3_sc2_staging_13,SLAM2,0,10,0.6,False,False,False,nan,nan,nan
v3_sc2_staging_13,SLAM2,0,11,0.6,False,False,False,nan,nan,nan
v3_sc2_staging_13,SLAM2,0,12,0.6,False,False,False,nan,nan,nan
v3_sc2_staging_13,SLAM2,0,13,0.6,False,False,False,nan,nan,nan
v3_sc2_staging_13,SLAM2,0,14,0.6,False,False,False,nan,nan,nan
v3_sc2_staging_13,SLAM2,0,15,0.6,False,False,False,nan,nan,nan
v3_sc2_staging_13,SLAM2,0,16,0.6,False,False,False,nan,nan,nan
v3_sc2_staging_13,SLAM2,0,17,0.6,False,False,False,nan,nan,nan
v3_sc2_staging_13,SLAM2,0,18,0.6,False,False,False,nan,nan,nan
v3_sc2_staging_13,SLAM2,0,19,0.6,False,False,False,nan,nan,nan
v3_sc2_staging_13,SLAM2,0,0,0.8,False,False,False,nan,nan,nan
v3_sc2_staging_13,SLAM2,0,1,0.8,False,False,False,nan,nan,nan
v3_sc2_staging_13,SLAM2,0,2,0.8,False,False,False,nan,nan,nan
v3_sc2_staging_13,SLAM2,0,3,0.8,False,False,False,nan,nan,nan
v3_sc2_staging_13,SLAM2,0,4,0.8,False,False,False,nan,nan,nan
v3_sc2_staging_13,SLAM2,0,5,0.8,False,False,False,nan,nan,nan
v3_sc2_staging_13,SLAM2,0,6,0.8,False,False,False,nan,nan,nan
v3_sc2_staging_13,SLAM2,0,7,0.8,False,False,False,nan,nan,nan
v3_sc2_staging_13,SLAM2,0,8,0.8,False,False,False,nan,nan,nan
v3_sc2_staging_13,SLAM2,0,9,0.8,False,False,False,nan,nan,nan
v3_sc2_staging_13,SLAM2,0,10,0.8,False,False,False,nan,nan,nan
v3_sc2_staging_13,SLAM2,0,11,0.8,False,False,False,nan,nan,nan
v3_sc2_staging_13,SLAM2,0,12,0.8,False,False,False,nan,nan,nan
v3_sc2_staging_13,SLAM2,0,13,0.8,False,False,False,nan,nan,nan
v3_sc2_staging_13,SLAM2,0,14,0.8,False,False,False,nan,nan,nan
v3_sc2_staging_13,SLAM2,0,15,0.8,False,False,False,nan,nan,nan
v3_sc2_staging_13,SLAM2,0,16,0.8,False,False,False,nan,nan,nan
v3_sc2_staging_13,SLAM2,0,17,0.8,False,False,False,nan,nan,nan
v3_sc2_staging_13,SLAM2,0,18,0.8,False,False,False,nan,nan,nan
v3_sc2_staging_13,SLAM2,0,19,0.8,False,False,False,nan,nan,nan
v3_sc2_staging_13,SLAM2,0,0,1.0,False,False,False,nan,nan,nan
v3_sc2_staging_13,SLAM2,0,1,1.0,False,False,False,nan,nan,nan
v3_sc2_staging_13,SLAM2,0,2,1.0,False,False,False,nan,nan,nan
v3_sc2_staging_13,SLAM2,0,3,1.0,False,False,False,nan,nan,nan
v3_sc2_staging_13,SLAM2,0,4,1.0,False,False,False,nan,nan,nan
v3_sc2_staging_13,SLAM2,0,5,1.0,False,False,False,nan,nan,nan
v3_sc2_staging_13,SLAM2,0,6,1.0,False,False,False,nan,nan,nan
v3_sc2_staging_13,SLAM2,0,7,1.0,False,False,False,nan,nan,nan
v3_sc2_staging_13,SLAM2,0,8,1.0,False,False,False,nan,nan,nan
v3_sc2_staging_13,SLAM2,0,9,1.0,False,False,False,nan,nan,nan
v3_sc2_staging_13,SLAM2,0,10,1.0,False,False,False,nan,nan,nan
v3_sc2_staging_13,SLAM2,0,11,1.0,False,False,False,nan,nan,nan
v3_sc2_staging_13,SLAM2,0,12,1.0,False,False,False,nan,nan,nan
v3_sc2_staging_13,SLAM2,0,13,1.0,False,False,False,nan,nan,nan
v3_sc2_staging_13,SLAM2,0,14,1.0,False,False,False,nan,nan,nan
v3_sc2_staging_13,SLAM2,0,15,1.0,False,False,False,nan,nan,nan
v3_sc2_staging_13,SLAM2,0,16,1.0,False,False,False,nan,nan,nan
v3_sc2_staging_13,SLAM2,0,17,1.0,False,False,False,nan,nan,nan
v3_sc2_staging_13,SLAM2,0,18,1.0,False,False,False,nan,nan,nan
v3_sc2_staging_13,SLAM2,0,19,1.0,False,False,False,nan,nan,nan
v3_sc2_staging_13,SLAM2,0,0,1.25,False,False,False,nan,nan,nan
v3_sc2_staging_13,SLAM2,0,1,1.25,False,False,False,nan,nan,nan
v3_sc2_staging_13,SLAM2,0,2,1.25,False,False,False,nan,nan,nan
v3_sc2_staging_13,SLAM2,0,3,1.25,False,False,False,nan,nan,nan
v3_sc2_staging_13,SLAM2,0,4,1.25,False,False,False,nan,nan,nan
v3_sc2_staging_13,SLAM2,0,5,1.25,False,False,False,nan,nan,nan
v3_sc2_staging_13,SLAM2,0,6,1.25,False,False,False,nan,nan,nan
v3_sc2_staging_13,SLAM2,0,7,1.25,False,False,False,nan,nan,nan
v3_sc2_staging_13,SLAM2,0,8,1.25,False,False,False,nan,nan,nan
v3_sc2_staging_13,SLAM2,0,9,1.25,False,False,False,nan,nan,nan
v3_sc2_staging_13,SLAM2,0,10,1.25,False,False,False,nan,nan,nan
v3_sc2_staging_13,SLAM2,0,11,1.25,False,False,False,nan,nan,nan
v3_sc2_staging_13,SLAM2,0,12,1.25,False,False,False,nan,nan,nan
v3_sc2_staging_13,SLAM2,0,13,1.25,False,False,False,nan,nan,nan
v3_sc2_staging_13,SLAM2,0,14,1.25,False,False,False,nan,nan,nan
v3_sc2_staging_13,SLAM2,0,15,1.25,False,False,False,nan,nan,nan
v3_sc2_staging_13,SLAM2,0,16,1.25,False,False,False,nan,nan,nan
v3_sc2_staging_13,SLAM2,0,17,1.25,False,False,False,nan,nan,nan
v3_sc2_staging_13,SLAM2,0,18,1.25,False,False,False,nan,nan,nan
v3_sc2_staging_13,SLAM2,0,19,1.25,False,False,False,nan,nan,nan
v3_sc2_staging_13,SLAM2,0,0,1.5,False,False,False,nan,nan,nan
v3_sc2_staging_13,SLAM2,0,1,1.5,False,False,False,nan,nan,nan
v3_sc2_staging_13,SLAM2,0,2,1.5,False,False,False,nan,nan,nan
v3_sc2_staging_13,SLAM2,0,3,1.5,False,False,False,nan,nan,nan
v3_sc2_staging_13,SLAM2,0,4,1.5,False,False,False,nan,nan,nan
v3_sc2_staging_13,SLAM2,0,5,1.5,False,False,False,nan,nan,nan
v3_sc2_staging_13,SLAM2,0,6,1.5,False,False,False,nan,nan,nan
v3_sc2_staging_13,SLAM2,0,7,1.5,False,False,False,nan,nan,nan
v3_sc2_staging_13,SLAM2,0,8,1.5,False,False,False,nan,nan,nan
v3_sc2_staging_13,SLAM2,0,9,1.5,False,False,False,nan,nan,nan
v3_sc2_staging_13,SLAM2,0,10,1.5,False,False,False,nan,nan,nan
v3_sc2_staging_13,SLAM2,0,11,1.5,False,False,False,nan,nan,nan
v3_sc2_staging_13,SLAM2,0,12,1.5,False,False,False,nan,nan,nan
v3_sc2_staging_13,SLAM2,0,13,1.5,False,False,False,nan,nan,nan
v3_sc2_staging_13,SLAM2,0,14,1.5,False,False,False,nan,nan,nan
v3_sc2_staging_13,SLAM2,0,15,1.5,False,False,False,nan,nan,nan
v3_sc2_staging_13,SLAM2,0,16,1.5,False,False,False,nan,nan,nan
v3_sc2_staging_13,SLAM2,0,17,1.5,False,False,False,nan,nan,nan
v3_sc2_staging_13,SLAM2,0,18,1.5,False,False,False,nan,nan,nan
v3_sc2_staging_13,SLAM2,0,19,1.5,False,False,False,nan,nan,nan
v3_sc2_staging_13,SLAM2,0,0,2.0,False,False,False,nan,nan,nan
v3_sc2_staging_13,SLAM2,0,1,2.0,False,False,False,nan,nan,nan
v3_sc2_staging_13,SLAM2,0,2,2.0,False,False,False,nan,nan,nan
v3_sc2_staging_13,SLAM2,0,3,2.0,False,False,False,nan,nan,nan
v3_sc2_staging_13,SLAM2,0,4,2.0,False,False,False,nan,nan,nan
v3_sc2_staging_13,SLAM2,0,5,2.0,False,False,False,nan,nan,nan
v3_sc2_staging_13,SLAM2,0,6,2.0,False,False,False,nan,nan,nan
v3_sc2_staging_13,SLAM2,0,7,2.0,False,False,False,nan,nan,nan
v3_sc2_staging_13,SLAM2,0,8,2.0,False,False,False,nan,nan,nan
v3_sc2_staging_13,SLAM2,0,9,2.0,False,False,False,nan,nan,nan
v3_sc2_staging_13,SLAM2,0,10,2.0,False,False,False,nan,nan,nan
v3_sc2_staging_13,SLAM2,0,11,2.0,False,False,False,nan,nan,nan
v3_sc2_staging_13,SLAM2,0,12,2.0,False,False,False,nan,nan,nan
v3_sc2_staging_13,SLAM2,0,13,2.0,False,False,False,nan,nan,nan
v3_sc2_staging_13,SLAM2,0,14,2.0,False,False,False,nan,nan,nan
v3_sc2_staging_13,SLAM2,0,15,2.0,False,False,False,nan,nan,nan
v3_sc2_staging_13,SLAM2,0,16,2.0,False,False,False,nan,nan,nan
v3_sc2_staging_13,SLAM2,0,17,2.0,False,False,False,nan,nan,nan
v3_sc2_staging_13,SLAM2,0,18,2.0,False,False,False,nan,nan,nan
v3_sc2_staging_13,SLAM2,0,19,2.0,False,False,False,nan,nan,nan
