level,scene,miss_indoor_plant,miss_bike
L0,apt_3,0.18027756377319948,0.447213595499958
L0,v3_sc0_staging_00,0.1,0.29154759474226505
L0,v3_sc0_staging_12,0.36055512754639896,0.40311288741492746
L0,v3_sc0_staging_16,0.07071067811865477,0.14142135623730953
L0,v3_sc0_staging_19,0.28284271247461906,0.14142135623730953
L0,v3_sc0_staging_20,0.7071067811865476,0.25495097567963926
L0,v3_sc1_staging_00,0.2,0.42720018726587655
L0,v3_sc1_staging_06,0.3535533905932738,0.1118033988749895
L0,v3_sc1_staging_12,0.18027756377319948,0.7516648189186454
L0,v3_sc1_staging_19,0.15000000000000002,0.42720018726587655
L0,v3_sc2_staging_00,0.3535533905932738,0.45
L0,v3_sc2_staging_11,0.35000000000000003,0.41231056256176607
L0,v3_sc2_staging_13,0.20615528128088303,0.223606797749979
L0,v3_sc2_staging_19,0.32015621187164245,0.35000000000000003
L0,v3_sc2_staging_20,0.18027756377319948,0.6020797289396148
L0,v3_sc3_staging_03,0.1,0.608276253029822
L0,v3_sc3_staging_04,0.32015621187164245,0.05
L0,v3_sc3_staging_08,0.3905124837953327,0.30000000000000004
L0,v3_sc3_staging_15,0.2,0.07071067811865477
L0,v3_sc3_staging_20,0.18027756377319948,0.1
L2,apt_3,0.18027756377319948,0.3640054944640259
L2,v3_sc0_staging_00,0.07071067811865477,0.3354101966249685
L2,v3_sc0_staging_12,0.3905124837953327,0.45
L2,v3_sc0_staging_16,0.1,0.14142135623730953
L2,v3_sc0_staging_19,0.28284271247461906,0.07071067811865477
L2,v3_sc0_staging_20,0.70178344238091,0.20615528128088303
L2,v3_sc1_staging_00,0.2,0.41231056256176607
L2,v3_sc1_staging_06,0.3535533905932738,0.1118033988749895
L2,v3_sc1_staging_12,0.20615528128088303,0.7566372975210779
L2,v3_sc1_staging_19,0.1118033988749895,0.38078865529319544
L2,v3_sc2_staging_00,0.15000000000000002,0.45
L2,v3_sc2_staging_11,0.3535533905932738,0.40311288741492746
L2,v3_sc2_staging_13,0.223606797749979,0.25495097567963926
L2,v3_sc2_staging_19,0.18027756377319948,0.35000000000000003
L2,v3_sc2_staging_20,0.18027756377319948,0.6000000000000001
L2,v3_sc3_staging_03,0.1118033988749895,0.5852349955359814
L2,v3_sc3_staging_04,0.32015621187164245,0.05
L2,v3_sc3_staging_08,0.3905124837953327,0.304138126514911
L2,v3_sc3_staging_15,0.2,0.1
L2,v3_sc3_staging_20,0.14142135623730953,0.1
L3,apt_3,0.15000000000000002,0.3535533905932738
L3,v3_sc0_staging_00,0.1,0.25
L3,v3_sc0_staging_12,0.2,0.47434164902525694
L3,v3_sc0_staging_16,0.18027756377319948,0.25
L3,v3_sc0_staging_19,0.32015621187164245,0.2
L3,v3_sc0_staging_20,0.9513148795220223,0.316227766016838
L3,v3_sc1_staging_00,0.21213203435596426,0.4301162633521314
L3,v3_sc1_staging_06,0.32015621187164245,0.1118033988749895
L3,v3_sc1_staging_12,0.18027756377319948,0.70178344238091
L3,v3_sc1_staging_19,0.316227766016838,0.28284271247461906
L3,v3_sc2_staging_00,0.32015621187164245,0.40311288741492746
L3,v3_sc2_staging_11,0.3640054944640259,0.41231056256176607
L3,v3_sc2_staging_13,0.1118033988749895,0.158113883008419
L3,v3_sc2_staging_19,0.20615528128088303,0.25
L3,v3_sc2_staging_20,0.18027756377319948,0.6576473218982953
L3,v3_sc3_staging_03,0.1118033988749895,0.5852349955359814
L3,v3_sc3_staging_04,0.15000000000000002,0.1118033988749895
L3,v3_sc3_staging_08,0.4609772228646444,0.316227766016838
L3,v3_sc3_staging_15,0.28284271247461906,0.20615528128088303
L3,v3_sc3_staging_20,0.14142135623730953,0.1
L4,apt_3,1.6985287751463032,1.7066048165876013
L4,v3_sc0_staging_00,0.6184658438426491,0.75
L4,v3_sc0_staging_12,0.28284271247461906,0.7632168761236874
L4,v3_sc0_staging_16,0.2692582403567252,0.1118033988749895
L4,v3_sc0_staging_19,0.8860022573334675,0.158113883008419
L4,v3_sc0_staging_20,1.101135777277262,0.1118033988749895
L4,v3_sc1_staging_00,0.5099019513592785,0.18027756377319948
L4,v3_sc1_staging_06,0.25495097567963926,0.2
L4,v3_sc1_staging_12,0.15000000000000002,0.8558621384311845
L4,v3_sc1_staging_19,0.42720018726587655,1.4430869689661812
L4,v3_sc2_staging_00,0.49244289008980524,0.7158910531638177
L4,v3_sc2_staging_11,0.158113883008419,0.2
L4,v3_sc2_staging_13,0.3640054944640259,0.3905124837953327
L4,v3_sc2_staging_19,0.1118033988749895,0.2
L4,v3_sc2_staging_20,0.14142135623730953,0.3905124837953327
L4,v3_sc3_staging_03,1.4008925726121901,0.5
L4,v3_sc3_staging_04,0.38078865529319544,0.3535533905932738
L4,v3_sc3_staging_08,1.4705441169852742,0.4
L4,v3_sc3_staging_15,0.9192388155425117,0.25495097567963926
L4,v3_sc3_staging_20,0.5315072906367325,0.5385164807134504
