scene,level,seed,area_indoor_plant,area_grow15_indoor_plant,miss_grow15_indoor_plant,area_grow30_indoor_plant,miss_grow30_indoor_plant,area_tv_stand,area_grow15_tv_stand,miss_grow15_tv_stand,area_grow30_tv_stand,miss_grow30_tv_stand,area_bike,area_grow15_bike,miss_grow15_bike,area_grow30_bike,miss_grow30_bike
v3_sc1_staging_19,L0,0,120,529,0.3354101966249685,736,0.158113883008419,133,365,0.75,574,0.6000000000000001,124,206,0.30000000000000004,274,0.158113883008419
v3_sc1_staging_19,L1,0,123,529,0.3354101966249685,741,0.158113883008419,137,378,0.75,590,0.6000000000000001,124,206,0.30000000000000004,274,0.158113883008419
v3_sc1_staging_19,L1,1,119,519,0.3354101966249685,727,0.158113883008419,133,372,0.75,582,0.6000000000000001,123,201,0.30000000000000004,265,0.158113883008419
v3_sc1_staging_19,L1,2,120,528,0.3354101966249685,738,0.158113883008419,134,348,0.75,504,0.6000000000000001,124,211,0.25495097567963926,279,0.1
v3_sc1_staging_19,L1,3,128,542,0.3354101966249685,755,0.158113883008419,136,393,0.75,604,0.6000000000000001,125,207,0.30000000000000004,275,0.158113883008419
v3_sc1_staging_19,L1,4,123,532,0.3354101966249685,736,0.158113883008419,132,337,0.75,494,0.6000000000000001,131,222,0.30000000000000004,294,0.158113883008419
v3_sc1_staging_19,L1,5,122,528,0.3354101966249685,729,0.158113883008419,139,417,0.7516648189186454,543,0.6020797289396148,132,224,0.30000000000000004,294,0.158113883008419
v3_sc1_staging_19,L1,6,118,528,0.3354101966249685,741,0.158113883008419,135,327,0.75,504,0.6000000000000001,123,205,0.30000000000000004,273,0.158113883008419
v3_sc1_staging_19,L1,7,122,537,0.3354101966249685,753,0.158113883008419,145,449,0.75,647,0.6020797289396148,125,212,0.25495097567963926,277,0.1
v3_sc1_staging_19,L1,8,125,524,0.3354101966249685,722,0.158113883008419,140,390,0.75,500,0.6000000000000001,132,225,0.30000000000000004,294,0.158113883008419
v3_sc1_staging_19,L1,9,123,535,0.3354101966249685,734,0.158113883008419,131,378,0.75,598,0.6000000000000001,123,206,0.30000000000000004,274,0.158113883008419
v3_sc1_staging_19,L2,0,134,574,0.304138126514911,788,0.15000000000000002,140,422,0.75,578,0.6020797289396148,124,207,0.30000000000000004,279,0.158113883008419
v3_sc1_staging_19,L2,1,121,515,0.35000000000000003,731,0.2,136,350,0.75,512,0.6000000000000001,140,242,0.304138126514911,316,0.18027756377319948
v3_sc1_staging_19,L2,2,124,555,0.304138126514911,757,0.15000000000000002,131,380,0.7516648189186454,515,0.6020797289396148,133,235,0.30000000000000004,308,0.15000000000000002
v3_sc1_staging_19,L2,3,129,552,0.316227766016838,780,0.158113883008419,143,382,0.75,588,0.6000000000000001,139,232,0.2692582403567252,302,0.1118033988749895
v3_sc1_staging_19,L2,4,127,606,0.25,778,0.1118033988749895,139,396,0.7566372975210779,585,0.608276253029822,134,233,0.25,303,0.1118033988749895
v3_sc1_staging_19,L2,5,132,566,0.45,774,0.30000000000000004,137,388,0.7566372975210779,499,0.608276253029822,141,244,0.20615528128088303,319,0.1118033988749895
v3_sc1_staging_19,L2,6,137,572,0.304138126514911,753,0.15000000000000002,127,375,0.7516648189186454,516,0.6020797289396148,137,235,0.25,303,0.1
v3_sc1_staging_19,L2,7,141,607,0.316227766016838,831,0.158113883008419,144,373,0.7000000000000001,587,0.552268050859363,134,227,0.25495097567963926,291,0.1
v3_sc1_staging_19,L2,8,123,547,0.4,717,0.25,132,441,0.7566372975210779,595,0.608276253029822,136,233,0.25,309,0.1118033988749895
v3_sc1_staging_19,L2,9,134,576,0.4609772228646444,775,0.25,136,451,0.7516648189186454,598,0.6020797289396148,124,213,0.30000000000000004,279,0.158113883008419
v3_sc1_staging_19,L3,0,138,672,0.25495097567963926,945,0.1,140,489,0.7000000000000001,633,0.55,127,228,0.25,301,0.1118033988749895
v3_sc1_staging_19,L3,1,118,591,0.41231056256176607,870,0.25,141,399,0.75,557,0.6000000000000001,147,243,0.3640054944640259,314,0.25
v3_sc1_staging_19,L3,2,140,605,0.304138126514911,804,0.15000000000000002,134,466,0.8139410298049854,609,0.6670832032063168,132,233,0.25495097567963926,298,0.14142135623730953
v3_sc1_staging_19,L3,3,149,690,0.304138126514911,939,0.15000000000000002,150,549,0.7000000000000001,762,0.55,142,256,0.29154759474226505,326,0.14142135623730953
v3_sc1_staging_19,L3,4,140,709,0.3535533905932738,1020,0.2,154,544,0.7433034373659253,759,0.5852349955359814,151,266,0.25,339,0.158113883008419
v3_sc1_staging_19,L3,5,137,630,0.30000000000000004,869,0.2,140,438,0.8500000000000001,561,0.670820393249937,163,295,0.25,376,0.18027756377319948
v3_sc1_staging_19,L3,6,124,595,0.25495097567963926,860,0.15000000000000002,124,389,0.7762087348130012,564,0.632455532033676,145,253,0.18027756377319948,326,0.1118033988749895
v3_sc1_staging_19,L3,7,153,662,0.29154759474226505,1014,0.1118033988749895,152,471,0.65,722,0.5099019513592785,161,279,0.158113883008419,349,0.07071067811865477
v3_sc1_staging_19,L3,8,166,666,0.4,960,0.25,137,455,0.7433034373659253,633,0.5852349955359814,142,277,0.223606797749979,355,0.20615528128088303
v3_sc1_staging_19,L3,9,149,666,0.25,882,0.1118033988749895,142,463,0.7566372975210779,737,0.608276253029822,118,211,0.25,277,0.1118033988749895
v3_sc1_staging_19,L4,0,210,1026,0.25,1550,0.1118033988749895,177,773,0.45,1114,0.4,202,386,0.07071067811865477,500,0.07071067811865477
v3_sc1_staging_19,L4,1,198,947,0.632455532033676,1331,0.45276925690687087,170,705,1.0,963,0.890224690738243,201,392,0.9055385138137417,523,0.8500000000000001
v3_sc1_staging_19,L4,2,225,814,0.4716990566028302,1182,0.304138126514911,155,757,1.0793516572461452,1088,1.0793516572461452,196,388,0.4,513,0.4
v3_sc1_staging_19,L4,3,183,882,0.49244289008980524,1330,0.42720018726587655,196,752,0.7211102550927979,1113,0.7211102550927979,223,451,0.3535533905932738,582,0.3535533905932738
v3_sc1_staging_19,L4,4,191,866,0.6576473218982953,1346,0.6576473218982953,171,750,1.0404326023342407,1138,1.0404326023342407,253,507,1.3793114224133722,666,1.1672617529928753
v3_sc1_staging_19,L4,5,209,699,1.75,1075,1.6,118,847,1.2083045973594573,1270,1.2083045973594573,235,450,1.4080127840328724,560,1.2747548783981963
v3_sc1_staging_19,L4,6,221,795,0.6103277807866851,1103,0.6020797289396148,150,655,0.9604686356149273,943,0.9604686356149273,187,347,0.8602325267042628,455,0.8500000000000001
v3_sc1_staging_19,L4,7,222,735,0.6946221994724903,1067,0.651920240520265,173,618,0.5099019513592785,872,0.3535533905932738,177,366,0.38078865529319544,468,0.38078865529319544
v3_sc1_staging_19,L4,8,242,937,0.6726812023536856,1254,0.6726812023536856,147,777,1.063014581273465,1143,1.063014581273465,213,447,1.2658988901172163,589,1.110180165558726
v3_sc1_staging_19,L4,9,192,746,0.6264982043070835,1007,0.45,167,733,0.9604686356149273,1149,0.7810249675906654,188,417,0.32015621187164245,542,0.25
v3_sc1_staging_19,L5,0,280,1699,0.3354101966249685,2677,0.29154759474226505,202,1017,0.8746427842267951,1656,0.7648529270389178,441,1082,0.158113883008419,1497,0.158113883008419
v3_sc1_staging_19,L5,1,291,1340,2.98328677803526,1762,2.98328677803526,170,1001,3.0,1552,3.0,394,818,3.0,1071,3.0
v3_sc1_staging_19,L5,2,264,1201,0.5315072906367325,1695,0.5315072906367325,180,1117,3.0,1986,3.0,420,868,2.173131381210073,1166,2.024845673131659
v3_sc1_staging_19,L5,3,262,1273,3.0,2160,2.864000698323937,222,884,0.40311288741492746,1372,0.316227766016838,401,897,0.6576473218982953,1188,0.6576473218982953
v3_sc1_staging_19,L5,4,266,1536,3.0,2479,3.0,181,1079,3.0,1712,3.0,455,1034,3.0,1368,3.0
v3_sc1_staging_19,L5,5,273,1510,3.0,2152,3.0,138,968,2.4083189157584592,1761,2.4083189157584592,413,915,3.0,1229,3.0
v3_sc1_staging_19,L5,6,273,1275,1.91637678967368,1901,1.746424919657298,182,964,1.4080127840328724,1651,1.4080127840328724,364,838,3.0,1130,3.0
v3_sc1_staging_19,L5,7,289,1677,2.5124689052802225,2373,2.5124689052802225,184,1083,0.9848857801796105,1653,0.9848857801796105,293,633,1.2816005617976298,877,1.1423659658795864
v3_sc1_staging_19,L5,8,274,1310,3.0,2057,3.0,144,954,1.6194134740701647,1709,1.6194134740701647,436,1199,3.0,1656,3.0
v3_sc1_staging_19,L5,9,284,1602,2.49098374141623,2595,2.280350850198276,230,978,1.101135777277262,1501,1.101135777277262,427,1062,2.2388613177238113,1386,2.180022935659164
