scene,level,seed,ate,endpoint_drift,n_entities,label_score,miss_gtlab,miss_pred_0.00,miss_pred_0.01,miss_pred_0.02,miss_pred_0.03,miss_pred_0.04,miss_pred_0.05,miss_pred_0.06,miss_pred_0.07,miss_pred_0.08,miss_pred_0.09,miss_pred_0.10,miss_pred_0.11,miss_pred_0.12,miss_pred_0.13,miss_pred_0.14,miss_pred_0.15,miss_pred_0.16,miss_pred_0.17,miss_pred_0.18,miss_pred_0.19,miss_pred_0.20,miss_pred_0.21,miss_pred_0.22,miss_pred_0.23,miss_pred_0.24,miss_pred_0.25,miss_pred_0.26,miss_pred_0.27,miss_pred_0.28,miss_pred_0.29,miss_pred_0.30,miss_pred_0.31,miss_pred_0.32,miss_pred_0.33,miss_pred_0.34,miss_pred_0.35,miss_pred_0.36,miss_pred_0.37,miss_pred_0.38,miss_pred_0.39,miss_pred_0.40,miss_pred_0.41,miss_pred_0.42,miss_pred_0.43,miss_pred_0.44,miss_pred_0.45,miss_pred_0.46,miss_pred_0.47,miss_pred_0.48,miss_pred_0.49,miss_pred_0.50,miss_pred_0.51,miss_pred_0.52,miss_pred_0.53,miss_pred_0.54,miss_pred_0.55,miss_pred_0.56,miss_pred_0.57,miss_pred_0.58,miss_pred_0.59,miss_pred_0.60,miss_pred_0.61,miss_pred_0.62,miss_pred_0.63,miss_pred_0.64,miss_pred_0.65,miss_pred_0.66,miss_pred_0.67,miss_pred_0.68,miss_pred_0.69,miss_pred_0.70,miss_pred_0.71,miss_pred_0.72,miss_pred_0.73,miss_pred_0.74,miss_pred_0.75,miss_pred_0.76,miss_pred_0.77,miss_pred_0.78,miss_pred_0.79,miss_pred_0.80,miss_pred_0.81,miss_pred_0.82,miss_pred_0.83,miss_pred_0.84,miss_pred_0.85,miss_pred_0.86,miss_pred_0.87,miss_pred_0.88,miss_pred_0.89,miss_pred_0.90,miss_pred_0.91,miss_pred_0.92,miss_pred_0.93,miss_pred_0.94,miss_pred_0.95,miss_pred_0.96,miss_pred_0.97,miss_pred_0.98,miss_pred_0.99,miss_pred_1.00
apt_3,L0,0,9.495213793146549e-14,8.195638183836882e-15,6,1.0,0.0,0.0,0.40311288741492746,0.40311288741492746,0.47434164902525694,0.47434164902525694,0.5,0.8381527307120106,0.8381527307120106,0.8381527307120106,0.8381527307120106,0.8381527307120106,0.8860022573334675,0.8860022573334675,0.8860022573334675,0.8860022573334675,0.8860022573334675,0.8860022573334675,0.8860022573334675,0.8860022573334675,0.9192388155425117,0.9192388155425117,0.9192388155425117,0.9192388155425117,0.9192388155425117,0.9340770846134703,0.9340770846134703,0.9340770846134703,0.9340770846134703,0.9340770846134703,0.9340770846134703,0.9340770846134703,0.9340770846134703,0.9340770846134703,0.9340770846134703,0.9340770846134703,0.9340770846134703,0.9340770846134703,0.9486832980505139,0.9486832980505139,0.9486832980505139,0.982344135219425,0.982344135219425,0.982344135219425,0.982344135219425,0.982344135219425,0.982344135219425,3.0,3.0,3.0,3.0,3.0,3.0,3.0,3.0,3.0,3.0,3.0,3.0,3.0,3.0,3.0,3.0,3.0,3.0,3.0,3.0,3.0,3.0,3.0,3.0,3.0,3.0,3.0,3.0,3.0,3.0,3.0,3.0,3.0,3.0,3.0,3.0,3.0,3.0,3.0,3.0,3.0,3.0,3.0,3.0,3.0,3.0,3.0,3.0,3.0,3.0,3.0,3.0,3.0,3.0,3.0
apt_3,L1,0,0.0053528217995273105,0.0002894564642920446,6,2.0,0.05,0.05,0.40311288741492746,0.40311288741492746,0.447213595499958,0.4949747468305833,0.5,0.8381527307120106,0.8381527307120106,0.8381527307120106,0.8381527307120106,0.8381527307120106,0.8860022573334675,0.8860022573334675,0.8860022573334675,0.8860022573334675,0.8860022573334675,0.8860022573334675,0.8860022573334675,0.8860022573334675,0.8860022573334675,0.8860022573334675,0.8860022573334675,0.8860022573334675,0.9340770846134703,0.9340770846134703,0.9340770846134703,0.9340770846134703,0.9340770846134703,0.9340770846134703,0.9340770846134703,0.9340770846134703,0.9340770846134703,0.9340770846134703,0.9340770846134703,0.9340770846134703,0.9340770846134703,0.9340770846134703,0.9340770846134703,0.9340770846134703,0.9340770846134703,0.9340770846134703,0.982344135219425,0.982344135219425,0.982344135219425,0.982344135219425,0.982344135219425,1.3238202294873727,1.3238202294873727,1.3238202294873727,1.3238202294873727,1.3238202294873727,1.3238202294873727,3.0,3.0,3.0,3.0,3.0,3.0,3.0,3.0,3.0,3.0,3.0,3.0,3.0,3.0,3.0,3.0,3.0,3.0,3.0,3.0,3.0,3.0,3.0,3.0,3.0,3.0,3.0,3.0,3.0,3.0,3.0,3.0,3.0,3.0,3.0,3.0,3.0,3.0,3.0,3.0,3.0,3.0,3.0,3.0,3.0,3.0,3.0,3.0,3.0
apt_3,L1,1,0.006410828431023204,0.0004964811603143419,6,2.0,0.05,0.05,0.40311288741492746,0.40311288741492746,0.447213595499958,0.47434164902525694,0.6103277807866851,0.8381527307120106,0.8381527307120106,0.8860022573334675,0.8860022573334675,0.8860022573334675,0.9013878188659974,0.9013878188659974,0.9013878188659974,0.9013878188659974,0.9013878188659974,0.9013878188659974,0.9013878188659974,0.9013878188659974,0.9013878188659974,0.9013878188659974,0.9340770846134703,0.9340770846134703,0.9340770846134703,0.9340770846134703,0.9340770846134703,0.9340770846134703,0.9340770846134703,0.9340770846134703,0.9340770846134703,0.9340770846134703,0.9340770846134703,0.9340770846134703,0.9340770846134703,0.9340770846134703,0.9340770846134703,0.9340770846134703,0.9486832980505139,0.9486832980505139,0.9486832980505139,0.9486832980505139,0.9486832980505139,0.982344135219425,0.982344135219425,0.982344135219425,0.982344135219425,3.0,3.0,3.0,3.0,3.0,3.0,3.0,3.0,3.0,3.0,3.0,3.0,3.0,3.0,3.0,3.0,3.0,3.0,3.0,3.0,3.0,3.0,3.0,3.0,3.0,3.0,3.0,3.0,3.0,3.0,3.0,3.0,3.0,3.0,3.0,3.0,3.0,3.0,3.0,3.0,3.0,3.0,3.0,3.0,3.0,3.0,3.0,3.0,3.0,3.0,3.0,3.0,3.0,3.0,3.0
apt_3,L1,2,0.00804005864613206,0.0004972045895342629,6,2.0,0.05,0.05,0.40311288741492746,0.447213595499958,0.47434164902525694,0.47434164902525694,0.5,0.6103277807866851,0.8381527307120106,0.8381527307120106,0.8860022573334675,0.8860022573334675,0.9013878188659974,0.9013878188659974,0.9013878188659974,0.9013878188659974,0.9013878188659974,0.9013878188659974,0.9013878188659974,0.9013878188659974,0.9013878188659974,0.9013878188659974,0.9013878188659974,0.9013878188659974,0.9013878188659974,0.9340770846134703,0.9340770846134703,0.9340770846134703,0.9340770846134703,0.9340770846134703,0.9340770846134703,0.9340770846134703,0.9340770846134703,0.9340770846134703,0.9340770846134703,0.9340770846134703,0.9340770846134703,0.9340770846134703,0.9486832980505139,0.9486832980505139,0.9486832980505139,0.982344135219425,0.982344135219425,0.982344135219425,0.982344135219425,0.982344135219425,0.982344135219425,3.0,3.0,3.0,3.0,3.0,3.0,3.0,3.0,3.0,3.0,3.0,3.0,3.0,3.0,3.0,3.0,3.0,3.0,3.0,3.0,3.0,3.0,3.0,3.0,3.0,3.0,3.0,3.0,3.0,3.0,3.0,3.0,3.0,3.0,3.0,3.0,3.0,3.0,3.0,3.0,3.0,3.0,3.0,3.0,3.0,3.0,3.0,3.0,3.0,3.0,3.0,3.0,3.0,3.0,3.0
apt_3,L1,3,0.006532365015577577,0.0005654686281889383,6,2.0,0.05,0.05,0.40311288741492746,0.40311288741492746,0.447213595499958,0.47434164902525694,0.5,0.8381527307120106,0.8381527307120106,0.8381527307120106,0.8381527307120106,0.8381527307120106,0.8860022573334675,0.8860022573334675,0.8860022573334675,0.8860022573334675,0.8860022573334675,0.8860022573334675,0.8860022573334675,0.8860022573334675,0.8860022573334675,0.8860022573334675,0.8860022573334675,0.8860022573334675,0.9340770846134703,0.9340770846134703,0.9340770846134703,0.9340770846134703,0.9340770846134703,0.9340770846134703,0.9340770846134703,0.9340770846134703,0.9340770846134703,0.9340770846134703,0.9340770846134703,0.9340770846134703,0.9340770846134703,0.9340770846134703,0.9340770846134703,0.9340770846134703,0.982344135219425,0.982344135219425,0.982344135219425,0.982344135219425,0.982344135219425,0.982344135219425,0.982344135219425,3.0,3.0,3.0,3.0,3.0,3.0,3.0,3.0,3.0,3.0,3.0,3.0,3.0,3.0,3.0,3.0,3.0,3.0,3.0,3.0,3.0,3.0,3.0,3.0,3.0,3.0,3.0,3.0,3.0,3.0,3.0,3.0,3.0,3.0,3.0,3.0,3.0,3.0,3.0,3.0,3.0,3.0,3.0,3.0,3.0,3.0,3.0,3.0,3.0,3.0,3.0,3.0,3.0,3.0,3.0
apt_3,L1,4,0.007329206036976798,0.0006450445214033454,6,2.0,0.05,0.05,0.40311288741492746,0.40311288741492746,0.4716990566028302,0.47434164902525694,0.5,0.8381527307120106,0.8860022573334675,0.8860022573334675,0.8860022573334675,0.8860022573334675,0.8860022573334675,0.8860022573334675,0.8860022573334675,0.8860022573334675,0.8860022573334675,0.8860022573334675,0.8860022573334675,0.8860022573334675,0.8860022573334675,0.8860022573334675,0.8860022573334675,0.8860022573334675,0.8860022573334675,0.8860022573334675,0.8860022573334675,0.9340770846134703,0.9340770846134703,0.9340770846134703,0.9340770846134703,0.9340770846134703,0.9340770846134703,0.9340770846134703,0.9340770846134703,0.9340770846134703,0.9340770846134703,0.982344135219425,0.982344135219425,0.982344135219425,0.982344135219425,0.982344135219425,0.982344135219425,0.982344135219425,0.982344135219425,0.982344135219425,0.982344135219425,3.0,3.0,3.0,3.0,3.0,3.0,3.0,3.0,3.0,3.0,3.0,3.0,3.0,3.0,3.0,3.0,3.0,3.0,3.0,3.0,3.0,3.0,3.0,3.0,3.0,3.0,3.0,3.0,3.0,3.0,3.0,3.0,3.0,3.0,3.0,3.0,3.0,3.0,3.0,3.0,3.0,3.0,3.0,3.0,3.0,3.0,3.0,3.0,3.0,3.0,3.0,3.0,3.0,3.0,3.0
apt_3,L1,5,0.005908261611919417,0.00021603417344325361,6,2.0,0.05,0.05,0.40311288741492746,0.447213595499958,0.45276925690687087,0.4949747468305833,0.5,0.8381527307120106,0.8860022573334675,0.8860022573334675,0.8860022573334675,0.8860022573334675,0.8860022573334675,0.8860022573334675,0.8860022573334675,0.8860022573334675,0.8860022573334675,0.8860022573334675,0.8860022573334675,0.8860022573334675,0.8860022573334675,0.8860022573334675,0.8860022573334675,0.8860022573334675,0.8860022573334675,0.8860022573334675,0.8860022573334675,0.9340770846134703,0.9340770846134703,0.9340770846134703,0.9340770846134703,0.9340770846134703,0.9340770846134703,0.9340770846134703,0.9340770846134703,0.9340770846134703,0.9340770846134703,0.982344135219425,0.982344135219425,0.982344135219425,0.982344135219425,0.982344135219425,0.982344135219425,0.982344135219425,0.982344135219425,0.982344135219425,3.0,3.0,3.0,3.0,3.0,3.0,3.0,3.0,3.0,3.0,3.0,3.0,3.0,3.0,3.0,3.0,3.0,3.0,3.0,3.0,3.0,3.0,3.0,3.0,3.0,3.0,3.0,3.0,3.0,3.0,3.0,3.0,3.0,3.0,3.0,3.0,3.0,3.0,3.0,3.0,3.0,3.0,3.0,3.0,3.0,3.0,3.0,3.0,3.0,3.0,3.0,3.0,3.0,3.0,3.0,3.0
apt_3,L1,6,0.01158615628190053,0.0008032797279191856,6,2.0,0.05,0.05,0.40311288741492746,0.447213595499958,0.47434164902525694,0.47434164902525694,0.5,0.8381527307120106,0.8860022573334675,0.8860022573334675,0.8860022573334675,0.8860022573334675,0.8860022573334675,0.8860022573334675,0.8860022573334675,0.8860022573334675,0.8860022573334675,0.8860022573334675,0.8860022573334675,0.8860022573334675,0.8860022573334675,0.8860022573334675,0.8860022573334675,0.8860022573334675,0.9340770846134703,0.9340770846134703,0.9340770846134703,0.9340770846134703,0.9340770846134703,0.9340770846134703,0.9340770846134703,0.9340770846134703,0.9340770846134703,0.9340770846134703,0.9340770846134703,0.982344135219425,0.982344135219425,0.982344135219425,0.982344135219425,0.982344135219425,0.982344135219425,0.982344135219425,0.982344135219425,0.982344135219425,0.982344135219425,0.982344135219425,0.982344135219425,1.3238202294873727,1.3238202294873727,1.3238202294873727,1.3238202294873727,1.3238202294873727,1.3238202294873727,1.3238202294873727,1.3238202294873727,1.3238202294873727,3.0,3.0,3.0,3.0,3.0,3.0,3.0,3.0,3.0,3.0,3.0,3.0,3.0,3.0,3.0,3.0,3.0,3.0,3.0,3.0,3.0,3.0,3.0,3.0,3.0,3.0,3.0,3.0,3.0,3.0,3.0,3.0,3.0,3.0,3.0,3.0,3.0,3.0,3.0,3.0,3.0,3.0,3.0,3.0,3.0,3.0
apt_3,L1,7,0.006023633626984036,0.00034730801856457273,6,2.0,0.05,0.05,0.40311288741492746,0.447213595499958,0.447213595499958,0.4949747468305833,0.5,0.8381527307120106,0.8381527307120106,0.8381527307120106,0.8381527307120106,0.8381527307120106,0.8860022573334675,0.8860022573334675,0.8860022573334675,0.8860022573334675,0.8860022573334675,0.8860022573334675,0.8860022573334675,0.8860022573334675,0.8860022573334675,0.8860022573334675,0.8860022573334675,0.8860022573334675,0.9340770846134703,0.9340770846134703,0.9340770846134703,0.9340770846134703,0.9340770846134703,0.9340770846134703,0.9340770846134703,0.9340770846134703,0.9340770846134703,0.9340770846134703,0.9340770846134703,0.9340770846134703,0.9340770846134703,0.9340770846134703,0.9340770846134703,0.9340770846134703,0.9617692030835672,0.9617692030835672,0.9617692030835672,0.9617692030835672,0.9617692030835672,3.0,3.0,3.0,3.0,3.0,3.0,3.0,3.0,3.0,3.0,3.0,3.0,3.0,3.0,3.0,3.0,3.0,3.0,3.0,3.0,3.0,3.0,3.0,3.0,3.0,3.0,3.0,3.0,3.0,3.0,3.0,3.0,3.0,3.0,3.0,3.0,3.0,3.0,3.0,3.0,3.0,3.0,3.0,3.0,3.0,3.0,3.0,3.0,3.0,3.0,3.0,3.0,3.0,3.0,3.0,3.0,3.0
apt_3,L1,8,0.004712194853955767,0.00031996538602375806,6,2.0,0.05,0.05,0.41231056256176607,0.447213595499958,0.45276925690687087,0.4949747468305833,0.5024937810560445,0.8381527307120106,0.8860022573334675,0.8860022573334675,0.8860022573334675,0.8860022573334675,0.8860022573334675,0.8860022573334675,0.8860022573334675,0.8860022573334675,0.8860022573334675,0.8860022573334675,0.8860022573334675,0.8860022573334675,0.8860022573334675,0.8860022573334675,0.8860022573334675,0.8860022573334675,0.8860022573334675,0.8860022573334675,0.8860022573334675,0.9340770846134703,0.9340770846134703,0.9340770846134703,0.9340770846134703,0.9340770846134703,0.9340770846134703,0.9340770846134703,0.9340770846134703,0.9340770846134703,0.9340770846134703,0.982344135219425,0.982344135219425,0.982344135219425,0.982344135219425,0.982344135219425,0.982344135219425,0.982344135219425,0.982344135219425,0.982344135219425,0.982344135219425,0.982344135219425,1.101135777277262,3.0,3.0,3.0,3.0,3.0,3.0,3.0,3.0,3.0,3.0,3.0,3.0,3.0,3.0,3.0,3.0,3.0,3.0,3.0,3.0,3.0,3.0,3.0,3.0,3.0,3.0,3.0,3.0,3.0,3.0,3.0,3.0,3.0,3.0,3.0,3.0,3.0,3.0,3.0,3.0,3.0,3.0,3.0,3.0,3.0,3.0,3.0,3.0,3.0,3.0,3.0,3.0,3.0
apt_3,L1,9,0.004265398503920272,0.00012130699551012196,6,2.0,0.05,0.05,0.4,0.40311288741492746,0.447213595499958,0.47434164902525694,0.6103277807866851,0.6103277807866851,0.8381527307120106,0.8381527307120106,0.8860022573334675,0.8860022573334675,0.9013878188659974,0.9013878188659974,0.9013878188659974,0.9013878188659974,0.9013878188659974,0.9013878188659974,0.9013878188659974,0.9013878188659974,0.9013878188659974,0.9013878188659974,0.9340770846134703,0.9340770846134703,0.9340770846134703,0.9340770846134703,0.9340770846134703,0.9340770846134703,0.9340770846134703,0.9340770846134703,0.9340770846134703,0.9340770846134703,0.9340770846134703,0.9340770846134703,0.9340770846134703,0.9340770846134703,0.9340770846134703,0.9340770846134703,0.9340770846134703,0.9340770846134703,0.9340770846134703,0.9486832980505139,0.9486832980505139,0.982344135219425,0.982344135219425,0.982344135219425,0.982344135219425,3.0,3.0,3.0,3.0,3.0,3.0,3.0,3.0,3.0,3.0,3.0,3.0,3.0,3.0,3.0,3.0,3.0,3.0,3.0,3.0,3.0,3.0,3.0,3.0,3.0,3.0,3.0,3.0,3.0,3.0,3.0,3.0,3.0,3.0,3.0,3.0,3.0,3.0,3.0,3.0,3.0,3.0,3.0,3.0,3.0,3.0,3.0,3.0,3.0,3.0,3.0,3.0,3.0,3.0,3.0
apt_3,L2,0,0.02735707285178234,0.0014622125623042518,6,2.0,0.05,0.05,0.40311288741492746,0.40311288741492746,0.4716990566028302,0.5099019513592785,0.5099019513592785,0.651920240520265,0.8860022573334675,0.8860022573334675,0.8860022573334675,0.8860022573334675,0.8860022573334675,0.8860022573334675,0.8860022573334675,0.8860022573334675,0.8860022573334675,0.8860022573334675,0.8860022573334675,0.8860022573334675,0.9013878188659974,0.9013878188659974,0.9013878188659974,0.9013878188659974,0.9013878188659974,0.9013878188659974,0.9013878188659974,0.9013878188659974,0.9013878188659974,0.9013878188659974,0.9340770846134703,0.9340770846134703,0.9340770846134703,0.9340770846134703,0.9340770846134703,0.9340770846134703,0.9340770846134703,0.9340770846134703,0.9340770846134703,0.9340770846134703,0.9340770846134703,0.9340770846134703,0.9340770846134703,0.982344135219425,0.982344135219425,0.982344135219425,0.982344135219425,0.982344135219425,0.982344135219425,0.982344135219425,0.982344135219425,1.3238202294873727,1.3238202294873727,3.0,3.0,3.0,3.0,3.0,3.0,3.0,3.0,3.0,3.0,3.0,3.0,3.0,3.0,3.0,3.0,3.0,3.0,3.0,3.0,3.0,3.0,3.0,3.0,3.0,3.0,3.0,3.0,3.0,3.0,3.0,3.0,3.0,3.0,3.0,3.0,3.0,3.0,3.0,3.0,3.0,3.0,3.0,3.0,3.0,3.0,3.0,3.0,3.0
apt_3,L2,1,0.032362801411538814,0.0024744705294604146,6,2.0,0.1118033988749895,0.07071067811865477,0.3535533905932738,0.3535533905932738,0.3905124837953327,0.4301162633521314,0.4949747468305833,0.8077747210701756,0.8077747210701756,0.8077747210701756,0.8077747210701756,0.8077747210701756,0.8077747210701756,0.8077747210701756,0.8381527307120106,0.8381527307120106,0.8381527307120106,0.8381527307120106,0.8544003745317531,0.8544003745317531,0.8544003745317531,0.8544003745317531,0.8544003745317531,0.8860022573334675,0.8860022573334675,0.894427190999916,0.9013878188659974,0.9013878188659974,0.9013878188659974,0.9013878188659974,0.9013878188659974,0.9013878188659974,0.9013878188659974,0.9013878188659974,0.9013878188659974,0.9013878188659974,0.9013878188659974,0.9013878188659974,0.9013878188659974,0.9013878188659974,0.9013878188659974,0.9013878188659974,0.9013878188659974,0.9013878188659974,0.9013878188659974,0.9013878188659974,0.9013878188659974,3.0,3.0,3.0,3.0,3.0,3.0,3.0,3.0,3.0,3.0,3.0,3.0,3.0,3.0,3.0,3.0,3.0,3.0,3.0,3.0,3.0,3.0,3.0,3.0,3.0,3.0,3.0,3.0,3.0,3.0,3.0,3.0,3.0,3.0,3.0,3.0,3.0,3.0,3.0,3.0,3.0,3.0,3.0,3.0,3.0,3.0,3.0,3.0,3.0,3.0,3.0,3.0,3.0,3.0,3.0
apt_3,L2,2,0.04071974523672858,0.0025264835208134084,6,2.0,0.1,0.05,0.3535533905932738,0.3640054944640259,0.40311288741492746,0.41231056256176607,0.5830951894845301,0.7905694150420949,0.7905694150420949,0.7905694150420949,0.7905694150420949,0.7905694150420949,0.8381527307120106,0.8381527307120106,0.8381527307120106,0.8381527307120106,0.8381527307120106,0.8381527307120106,0.8544003745317531,0.8544003745317531,0.8860022573334675,0.8860022573334675,0.8860022573334675,0.8860022573334675,0.8860022573334675,0.8860022573334675,0.8860022573334675,0.8860022573334675,0.8860022573334675,0.8860022573334675,0.8860022573334675,0.8860022573334675,0.8860022573334675,0.8860022573334675,0.8860022573334675,0.8860022573334675,0.8860022573334675,0.8860022573334675,0.8860022573334675,0.8860022573334675,0.8860022573334675,0.8860022573334675,0.8860022573334675,0.8860022573334675,0.8860022573334675,0.8860022573334675,0.8860022573334675,0.8860022573334675,0.9340770846134703,0.9340770846134703,0.9340770846134703,0.9340770846134703,0.9340770846134703,3.0,3.0,3.0,3.0,3.0,3.0,3.0,3.0,3.0,3.0,3.0,3.0,3.0,3.0,3.0,3.0,3.0,3.0,3.0,3.0,3.0,3.0,3.0,3.0,3.0,3.0,3.0,3.0,3.0,3.0,3.0,3.0,3.0,3.0,3.0,3.0,3.0,3.0,3.0,3.0,3.0,3.0,3.0,3.0,3.0,3.0,3.0,3.0,3.0
apt_3,L2,3,0.033126347340357326,0.0028794809388515696,6,2.0,0.1118033988749895,0.1118033988749895,0.3535533905932738,0.3640054944640259,0.38078865529319544,0.4242640687119285,0.5830951894845301,0.8381527307120106,0.8381527307120106,0.8381527307120106,0.8381527307120106,0.8381527307120106,0.8381527307120106,0.8381527307120106,0.8381527307120106,0.8381527307120106,0.8381527307120106,0.8381527307120106,0.8381527307120106,0.8381527307120106,0.8381527307120106,0.8381527307120106,0.8381527307120106,0.8381527307120106,0.8381527307120106,0.8381527307120106,0.8381527307120106,0.8381527307120106,0.8381527307120106,0.8381527307120106,0.8381527307120106,0.8381527307120106,0.9219544457292888,0.9219544457292888,0.9219544457292888,0.9219544457292888,0.9219544457292888,0.9219544457292888,0.9340770846134703,0.9340770846134703,0.9340770846134703,0.9340770846134703,0.9340770846134703,0.9340770846134703,0.9340770846134703,0.9340770846134703,0.9340770846134703,0.9340770846134703,0.9340770846134703,1.2747548783981963,1.2747548783981963,3.0,3.0,3.0,3.0,3.0,3.0,3.0,3.0,3.0,3.0,3.0,3.0,3.0,3.0,3.0,3.0,3.0,3.0,3.0,3.0,3.0,3.0,3.0,3.0,3.0,3.0,3.0,3.0,3.0,3.0,3.0,3.0,3.0,3.0,3.0,3.0,3.0,3.0,3.0,3.0,3.0,3.0,3.0,3.0,3.0,3.0,3.0,3.0,3.0,3.0,3.0
apt_3,L2,4,0.03727503763395065,0.0032973730066060878,6,2.0,0.07071067811865477,0.05,0.45276925690687087,0.49244289008980524,0.49244289008980524,0.5315072906367325,0.552268050859363,0.912414379544733,0.912414379544733,0.9219544457292888,0.9219544457292888,0.9219544457292888,0.9219544457292888,0.9219544457292888,0.9219544457292888,0.9340770846134703,0.9340770846134703,0.9340770846134703,0.9340770846134703,0.9340770846134703,0.9340770846134703,0.9340770846134703,0.9340770846134703,0.9340770846134703,0.9486832980505139,0.9486832980505139,0.9486832980505139,0.9486832980505139,0.9486832980505139,0.9486832980505139,0.9486832980505139,0.9486832980505139,1.0111874208078342,1.019803902718557,1.019803902718557,1.019803902718557,1.019803902718557,1.019803902718557,1.019803902718557,1.019803902718557,1.019803902718557,1.019803902718557,1.019803902718557,1.019803902718557,1.019803902718557,1.019803902718557,1.019803902718557,1.019803902718557,1.019803902718557,1.3238202294873727,1.3238202294873727,1.3238202294873727,1.3238202294873727,1.3238202294873727,1.3238202294873727,1.3238202294873727,1.3238202294873727,1.3238202294873727,1.3238202294873727,1.3238202294873727,1.3238202294873727,1.3238202294873727,1.3238202294873727,1.3238202294873727,1.3238202294873727,3.0,3.0,3.0,3.0,3.0,3.0,3.0,3.0,3.0,3.0,3.0,3.0,3.0,3.0,3.0,3.0,3.0,3.0,3.0,3.0,3.0,3.0,3.0,3.0,3.0,3.0,3.0,3.0,3.0,3.0,3.0,3.0,3.0,3.0,3.0,3.0,3.0
apt_3,L2,5,0.03027452345282116,0.0011255336140562912,6,2.0,0.05,0.07071067811865477,0.42720018726587655,0.45,0.49244289008980524,0.5099019513592785,0.5099019513592785,0.873212459828649,0.873212459828649,0.8860022573334675,0.8860022573334675,0.8860022573334675,0.8860022573334675,0.8860022573334675,0.8860022573334675,0.8860022573334675,0.8860022573334675,0.8860022573334675,0.8860022573334675,0.8860022573334675,0.8860022573334675,0.8860022573334675,0.8860022573334675,0.8860022573334675,0.8860022573334675,0.8860022573334675,0.8860022573334675,0.97082439194738,0.982344135219425,0.982344135219425,0.982344135219425,0.982344135219425,0.982344135219425,0.982344135219425,0.982344135219425,0.982344135219425,0.982344135219425,0.982344135219425,0.982344135219425,0.982344135219425,0.982344135219425,0.982344135219425,0.982344135219425,0.982344135219425,0.982344135219425,0.982344135219425,0.982344135219425,0.982344135219425,0.982344135219425,0.982344135219425,0.982344135219425,1.2854960132182442,1.2854960132182442,1.2854960132182442,1.2854960132182442,3.0,3.0,3.0,3.0,3.0,3.0,3.0,3.0,3.0,3.0,3.0,3.0,3.0,3.0,3.0,3.0,3.0,3.0,3.0,3.0,3.0,3.0,3.0,3.0,3.0,3.0,3.0,3.0,3.0,3.0,3.0,3.0,3.0,3.0,3.0,3.0,3.0,3.0,3.0,3.0,3.0,3.0,3.0,3.0,3.0,3.0,3.0
apt_3,L2,6,0.058121380974937624,0.004048229207900985,6,2.0,0.07071067811865477,0.05,0.447213595499958,0.45276925690687087,0.45276925690687087,0.5220153254455275,0.5220153254455275,0.570087712549569,0.570087712549569,0.873212459828649,0.873212459828649,0.873212459828649,0.873212459828649,0.873212459828649,0.873212459828649,0.873212459828649,0.873212459828649,0.8860022573334675,0.8860022573334675,0.8860022573334675,0.8860022573334675,0.8860022573334675,0.8860022573334675,0.8860022573334675,0.8860022573334675,0.8860022573334675,0.8860022573334675,0.8860022573334675,0.8860022573334675,0.9,0.9,0.9,0.97082439194738,0.97082439194738,0.97082439194738,0.97082439194738,0.97082439194738,0.97082439194738,0.97082439194738,0.97082439194738,0.97082439194738,0.97082439194738,0.97082439194738,0.97082439194738,0.97082439194738,0.97082439194738,0.97082439194738,0.97082439194738,0.97082439194738,0.97082439194738,0.97082439194738,0.97082439194738,3.0,3.0,3.0,3.0,3.0,3.0,3.0,3.0,3.0,3.0,3.0,3.0,3.0,3.0,3.0,3.0,3.0,3.0,3.0,3.0,3.0,3.0,3.0,3.0,3.0,3.0,3.0,3.0,3.0,3.0,3.0,3.0,3.0,3.0,3.0,3.0,3.0,3.0,3.0,3.0,3.0,3.0,3.0,3.0,3.0,3.0,3.0,3.0,3.0,3.0
apt_3,L2,7,0.030210856215755717,0.0017231424741723953,6,2.0,0.07071067811865477,0.07071067811865477,0.38078865529319544,0.40311288741492746,0.447213595499958,0.447213595499958,0.447213595499958,0.7905694150420949,0.7905694150420949,0.8381527307120106,0.8381527307120106,0.8381527307120106,0.8381527307120106,0.8381527307120106,0.8544003745317531,0.8544003745317531,0.8544003745317531,0.8544003745317531,0.8544003745317531,0.8544003745317531,0.8544003745317531,0.8544003745317531,0.8544003745317531,0.8544003745317531,0.8544003745317531,0.8544003745317531,0.8544003745317531,0.8544003745317531,0.8544003745317531,0.9340770846134703,0.9340770846134703,0.9340770846134703,0.9340770846134703,0.9340770846134703,0.9340770846134703,0.9340770846134703,0.9340770846134703,0.9340770846134703,0.9340770846134703,0.9340770846134703,0.9340770846134703,0.9340770846134703,0.9340770846134703,0.9340770846134703,0.9340770846134703,0.9340770846134703,3.0,3.0,3.0,3.0,3.0,3.0,3.0,3.0,3.0,3.0,3.0,3.0,3.0,3.0,3.0,3.0,3.0,3.0,3.0,3.0,3.0,3.0,3.0,3.0,3.0,3.0,3.0,3.0,3.0,3.0,3.0,3.0,3.0,3.0,3.0,3.0,3.0,3.0,3.0,3.0,3.0,3.0,3.0,3.0,3.0,3.0,3.0,3.0,3.0,3.0,3.0,3.0,3.0,3.0,3.0,3.0
apt_3,L2,8,0.02343815706025816,0.0015837245851906703,6,2.0,0.05,0.05,0.447213595499958,0.45276925690687087,0.5147815070493501,0.5220153254455275,0.6103277807866851,0.873212459828649,0.873212459828649,0.873212459828649,0.873212459828649,0.873212459828649,0.873212459828649,0.8860022573334675,0.8860022573334675,0.8860022573334675,0.8860022573334675,0.8860022573334675,0.8860022573334675,0.9013878188659974,0.9013878188659974,0.9013878188659974,0.9486832980505139,0.9486832980505139,0.97082439194738,0.97082439194738,0.97082439194738,0.97082439194738,0.97082439194738,0.97082439194738,0.97082439194738,0.97082439194738,0.97082439194738,0.97082439194738,0.97082439194738,0.97082439194738,0.97082439194738,0.97082439194738,0.97082439194738,0.97082439194738,0.97082439194738,0.97082439194738,0.97082439194738,0.97082439194738,0.982344135219425,0.982344135219425,0.982344135219425,0.982344135219425,0.982344135219425,0.982344135219425,0.982344135219425,0.982344135219425,1.3152946437965907,1.3152946437965907,1.3152946437965907,3.0,3.0,3.0,3.0,3.0,3.0,3.0,3.0,3.0,3.0,3.0,3.0,3.0,3.0,3.0,3.0,3.0,3.0,3.0,3.0,3.0,3.0,3.0,3.0,3.0,3.0,3.0,3.0,3.0,3.0,3.0,3.0,3.0,3.0,3.0,3.0,3.0,3.0,3.0,3.0,3.0,3.0,3.0,3.0,3.0,3.0,3.0
apt_3,L2,9,0.02170583872741298,0.0006529934565508232,6,2.0,0.1,0.1,0.4,0.40311288741492746,0.4716990566028302,0.5,0.8544003745317531,0.8544003745317531,0.873212459828649,0.873212459828649,0.873212459828649,0.873212459828649,0.873212459828649,0.873212459828649,0.873212459828649,0.9192388155425117,0.9192388155425117,0.9192388155425117,0.9192388155425117,0.9192388155425117,0.9192388155425117,0.9192388155425117,0.9192388155425117,0.9192388155425117,0.9192388155425117,0.9486832980505139,0.9486832980505139,0.9486832980505139,0.9656603957913984,0.9656603957913984,0.9656603957913984,0.9656603957913984,0.9656603957913984,0.9656603957913984,0.9656603957913984,0.9656603957913984,0.9656603957913984,0.9656603957913984,0.9656603957913984,0.9656603957913984,0.9656603957913984,0.9656603957913984,0.9656603957913984,0.9656603957913984,3.0,3.0,3.0,3.0,3.0,3.0,3.0,3.0,3.0,3.0,3.0,3.0,3.0,3.0,3.0,3.0,3.0,3.0,3.0,3.0,3.0,3.0,3.0,3.0,3.0,3.0,3.0,3.0,3.0,3.0,3.0,3.0,3.0,3.0,3.0,3.0,3.0,3.0,3.0,3.0,3.0,3.0,3.0,3.0,3.0,3.0,3.0,3.0,3.0,3.0,3.0,3.0,3.0,3.0,3.0,3.0,3.0,3.0
apt_3,L3,0,0.08582261475809715,0.00458724935677866,6,2.0,0.20615528128088303,0.158113883008419,0.40311288741492746,0.41231056256176607,0.4609772228646444,0.570087712549569,0.8544003745317531,0.873212459828649,0.873212459828649,0.873212459828649,0.873212459828649,0.873212459828649,0.873212459828649,0.873212459828649,0.873212459828649,0.873212459828649,0.873212459828649,0.873212459828649,0.873212459828649,0.873212459828649,0.873212459828649,0.873212459828649,0.894427190999916,0.894427190999916,0.894427190999916,0.9656603957913984,0.9656603957913984,0.9656603957913984,0.9656603957913984,0.9656603957913984,0.9656603957913984,0.9656603957913984,0.9656603957913984,0.9656603957913984,0.9656603957913984,0.9656603957913984,0.9656603957913984,0.9656603957913984,0.9656603957913984,0.9656603957913984,0.9656603957913984,0.9656603957913984,0.9848857801796105,0.9848857801796105,0.9848857801796105,0.9848857801796105,0.9848857801796105,0.9848857801796105,0.9848857801796105,0.9848857801796105,0.9848857801796105,0.9848857801796105,3.0,3.0,3.0,3.0,3.0,3.0,3.0,3.0,3.0,3.0,3.0,3.0,3.0,3.0,3.0,3.0,3.0,3.0,3.0,3.0,3.0,3.0,3.0,3.0,3.0,3.0,3.0,3.0,3.0,3.0,3.0,3.0,3.0,3.0,3.0,3.0,3.0,3.0,3.0,3.0,3.0,3.0,3.0,3.0,3.0,3.0,3.0,3.0,3.0,3.0
apt_3,L3,1,0.10135427084959836,0.007742049172155323,6,2.0,0.25,0.1118033988749895,0.3535533905932738,0.3535533905932738,0.41231056256176607,0.41231056256176607,0.4716990566028302,0.4716990566028302,0.7211102550927979,0.7211102550927979,0.7211102550927979,0.7211102550927979,0.7826237921249265,0.7826237921249265,0.7826237921249265,0.7826237921249265,0.7826237921249265,0.7826237921249265,0.7826237921249265,0.7826237921249265,0.7826237921249265,0.7826237921249265,0.7826237921249265,0.7826237921249265,0.8062257748298549,0.8062257748298549,0.8062257748298549,0.8062257748298549,0.8062257748298549,0.8062257748298549,0.8062257748298549,0.8062257748298549,0.8062257748298549,0.8062257748298549,0.8062257748298549,0.8062257748298549,0.8062257748298549,0.8062257748298549,0.8062257748298549,0.8062257748298549,0.8062257748298549,0.8062257748298549,0.8062257748298549,0.8062257748298549,0.8062257748298549,0.8062257748298549,0.8514693182963202,0.8514693182963202,0.9013878188659974,0.9013878188659974,0.9013878188659974,0.9013878188659974,0.9013878188659974,0.9013878188659974,0.9013878188659974,0.9513148795220223,0.9513148795220223,0.9513148795220223,0.9513148795220223,0.9513148795220223,0.9513148795220223,3.0,3.0,3.0,3.0,3.0,3.0,3.0,3.0,3.0,3.0,3.0,3.0,3.0,3.0,3.0,3.0,3.0,3.0,3.0,3.0,3.0,3.0,3.0,3.0,3.0,3.0,3.0,3.0,3.0,3.0,3.0,3.0,3.0,3.0,3.0,3.0,3.0,3.0,3.0,3.0,3.0
apt_3,L3,2,0.12783806931871022,0.007927639822471013,6,2.0,0.18027756377319948,0.15000000000000002,0.3535533905932738,0.3535533905932738,0.3535533905932738,0.3535533905932738,0.49244289008980524,0.73824115301167,0.73824115301167,0.73824115301167,0.7632168761236874,0.7632168761236874,0.7826237921249265,0.7826237921249265,0.7826237921249265,0.7826237921249265,0.7826237921249265,0.7826237921249265,0.7826237921249265,0.7826237921249265,0.7826237921249265,0.7826237921249265,0.7826237921249265,0.7826237921249265,0.7826237921249265,0.7826237921249265,0.7826237921249265,0.7826237921249265,0.8276472678623424,0.8276472678623424,0.8276472678623424,0.8276472678623424,0.8276472678623424,0.8276472678623424,0.8276472678623424,0.8276472678623424,0.8276472678623424,0.8276472678623424,0.8276472678623424,0.8276472678623424,0.8276472678623424,0.8500000000000001,0.8500000000000001,0.8500000000000001,0.8514693182963202,0.8514693182963202,0.8514693182963202,0.8514693182963202,0.8514693182963202,0.8514693182963202,0.8514693182963202,1.0,1.0,1.0,1.0111874208078342,1.0111874208078342,3.0,3.0,3.0,3.0,3.0,3.0,3.0,3.0,3.0,3.0,3.0,3.0,3.0,3.0,3.0,3.0,3.0,3.0,3.0,3.0,3.0,3.0,3.0,3.0,3.0,3.0,3.0,3.0,3.0,3.0,3.0,3.0,3.0,3.0,3.0,3.0,3.0,3.0,3.0,3.0,3.0,3.0,3.0,3.0,3.0,3.0
apt_3,L3,3,0.10400871309837571,0.0090424911158598,6,2.0,0.25,0.2,0.304138126514911,0.304138126514911,0.304138126514911,0.32015621187164245,0.447213595499958,0.7071067811865476,0.7071067811865476,0.7071067811865476,0.7433034373659253,0.7433034373659253,0.7433034373659253,0.7433034373659253,0.7433034373659253,0.75,0.75,0.75,0.7615773105863909,0.7615773105863909,0.7762087348130012,0.8,0.8,0.8139410298049854,0.8139410298049854,0.8139410298049854,0.8139410298049854,0.8139410298049854,0.8139410298049854,0.8139410298049854,0.8139410298049854,0.8139410298049854,0.8139410298049854,0.8139410298049854,0.8139410298049854,0.8139410298049854,0.8139410298049854,0.8139410298049854,0.8139410298049854,0.8139410298049854,0.8139410298049854,0.8139410298049854,0.8139410298049854,0.8139410298049854,0.8139410298049854,0.8139410298049854,0.8139410298049854,0.8139410298049854,0.8139410298049854,0.8500000000000001,0.982344135219425,1.0124228365658294,3.0,3.0,3.0,3.0,3.0,3.0,3.0,3.0,3.0,3.0,3.0,3.0,3.0,3.0,3.0,3.0,3.0,3.0,3.0,3.0,3.0,3.0,3.0,3.0,3.0,3.0,3.0,3.0,3.0,3.0,3.0,3.0,3.0,3.0,3.0,3.0,3.0,3.0,3.0,3.0,3.0,3.0,3.0,3.0,3.0,3.0,3.0,3.0,3.0,3.0
apt_3,L3,4,0.11680194963048914,0.010324040396784875,6,2.0,0.21213203435596426,0.15000000000000002,0.5408326913195984,0.5830951894845301,0.5830951894845301,0.5830951894845301,0.9013878188659974,0.9013878188659974,0.9013878188659974,0.9013878188659974,1.0307764064044151,1.0307764064044151,1.0307764064044151,1.0307764064044151,1.0307764064044151,1.0594810050208545,1.0606601717798214,1.0606601717798214,1.0606601717798214,1.0606601717798214,1.0606601717798214,1.0606601717798214,1.0688779163215976,1.0688779163215976,1.0688779163215976,1.0688779163215976,1.0688779163215976,1.0688779163215976,1.0688779163215976,1.0688779163215976,1.0688779163215976,1.0688779163215976,1.0688779163215976,1.0688779163215976,1.101135777277262,1.101135777277262,1.101135777277262,1.101135777277262,1.101135777277262,1.101135777277262,1.101135777277262,1.101135777277262,1.101135777277262,1.101135777277262,1.101135777277262,1.101135777277262,1.101135777277262,1.101135777277262,1.101135777277262,1.3086252328302401,1.3086252328302401,1.3086252328302401,1.3086252328302401,1.3086252328302401,1.3647344063956182,1.3647344063956182,1.3647344063956182,1.3647344063956182,1.3647344063956182,1.3647344063956182,1.3647344063956182,1.3647344063956182,1.3647344063956182,3.0,3.0,3.0,3.0,3.0,3.0,3.0,3.0,3.0,3.0,3.0,3.0,3.0,3.0,3.0,3.0,3.0,3.0,3.0,3.0,3.0,3.0,3.0,3.0,3.0,3.0,3.0,3.0,3.0,3.0,3.0,3.0,3.0,3.0,3.0,3.0,3.0,3.0,3.0
apt_3,L3,5,0.09505568310943993,0.0035393497914369635,6,2.0,0.1118033988749895,0.05,0.4,0.40311288741492746,0.447213595499958,0.5024937810560445,0.5099019513592785,0.8860022573334675,0.8860022573334675,0.8860022573334675,0.8860022573334675,0.8860022573334675,0.8860022573334675,0.8860022573334675,0.8860022573334675,0.8860022573334675,0.8860022573334675,0.8860022573334675,0.8860022573334675,0.8860022573334675,0.8860022573334675,0.8860022573334675,0.8860022573334675,0.8860022573334675,0.8860022573334675,0.8860022573334675,0.8860022573334675,0.8860022573334675,0.8860022573334675,0.9013878188659974,0.9013878188659974,0.9013878188659974,0.9013878188659974,0.9013878188659974,0.9013878188659974,0.982344135219425,0.982344135219425,0.982344135219425,0.982344135219425,0.982344135219425,0.982344135219425,0.982344135219425,0.982344135219425,0.982344135219425,0.982344135219425,0.982344135219425,0.982344135219425,0.982344135219425,0.982344135219425,0.9962429422585638,0.9962429422585638,0.9962429422585638,0.9962429422585638,0.9962429422585638,3.0,3.0,3.0,3.0,3.0,3.0,3.0,3.0,3.0,3.0,3.0,3.0,3.0,3.0,3.0,3.0,3.0,3.0,3.0,3.0,3.0,3.0,3.0,3.0,3.0,3.0,3.0,3.0,3.0,3.0,3.0,3.0,3.0,3.0,3.0,3.0,3.0,3.0,3.0,3.0,3.0,3.0,3.0,3.0,3.0,3.0,3.0,3.0
apt_3,L3,6,0.18250020267997086,0.012720605344481365,6,2.0,0.2,0.1118033988749895,0.45,0.4609772228646444,0.5385164807134504,0.5385164807134504,0.5385164807134504,0.570087712549569,0.8514693182963202,0.8514693182963202,0.894427190999916,0.894427190999916,0.894427190999916,0.894427190999916,0.894427190999916,0.9219544457292888,0.9219544457292888,0.9219544457292888,0.9219544457292888,0.9219544457292888,0.9219544457292888,0.9219544457292888,0.9219544457292888,0.9219544457292888,0.9486832980505139,0.9486832980505139,0.9486832980505139,0.9486832980505139,0.9486832980505139,0.9486832980505139,0.9486832980505139,0.9486832980505139,0.9486832980505139,0.9486832980505139,0.9486832980505139,0.9486832980505139,0.9486832980505139,0.9486832980505139,0.9486832980505139,0.9486832980505139,0.9486832980505139,0.9486832980505139,0.9486832980505139,0.9486832980505139,0.95524865872714,0.95524865872714,0.95524865872714,0.95524865872714,0.95524865872714,0.95524865872714,0.95524865872714,0.95524865872714,0.95524865872714,0.95524865872714,0.95524865872714,0.95524865872714,0.95524865872714,1.40356688476182,3.0,3.0,3.0,3.0,3.0,3.0,3.0,3.0,3.0,3.0,3.0,3.0,3.0,3.0,3.0,3.0,3.0,3.0,3.0,3.0,3.0,3.0,3.0,3.0,3.0,3.0,3.0,3.0,3.0,3.0,3.0,3.0,3.0,3.0,3.0,3.0,3.0,3.0,3.0,3.0,3.0,3.0,3.0,3.0
apt_3,L3,7,0.0947847298170094,0.005405626385789549,6,2.0,0.21213203435596426,0.15000000000000002,0.40311288741492746,0.40311288741492746,0.40311288741492746,0.40311288741492746,0.6800735254367722,0.7615773105863909,0.7615773105863909,0.7826237921249265,0.7826237921249265,0.7826237921249265,0.7826237921249265,0.7826237921249265,0.7826237921249265,0.7826237921249265,0.7826237921249265,0.7826237921249265,0.7826237921249265,0.7826237921249265,0.8062257748298549,0.8062257748298549,0.8500000000000001,0.8500000000000001,0.8544003745317531,0.873212459828649,0.873212459828649,0.873212459828649,0.873212459828649,0.873212459828649,0.873212459828649,0.873212459828649,0.873212459828649,0.873212459828649,0.873212459828649,0.873212459828649,0.873212459828649,0.873212459828649,0.873212459828649,0.873212459828649,0.873212459828649,0.9055385138137417,0.9055385138137417,0.9055385138137417,0.9055385138137417,0.9055385138137417,0.9055385138137417,0.9055385138137417,0.9055385138137417,1.05,1.05,1.05,1.05,1.4534441853748634,1.4534441853748634,3.0,3.0,3.0,3.0,3.0,3.0,3.0,3.0,3.0,3.0,3.0,3.0,3.0,3.0,3.0,3.0,3.0,3.0,3.0,3.0,3.0,3.0,3.0,3.0,3.0,3.0,3.0,3.0,3.0,3.0,3.0,3.0,3.0,3.0,3.0,3.0,3.0,3.0,3.0,3.0,3.0,3.0,3.0,3.0,3.0,3.0,3.0
apt_3,L3,8,0.07363882838730669,0.004971357745467816,6,2.0,0.14142135623730953,0.14142135623730953,0.55,0.552268050859363,0.552268050859363,0.6264982043070835,0.6264982043070835,0.65,0.97082439194738,0.97082439194738,0.982344135219425,0.982344135219425,0.982344135219425,0.982344135219425,0.982344135219425,0.982344135219425,0.982344135219425,0.982344135219425,0.982344135219425,0.982344135219425,0.982344135219425,0.982344135219425,0.982344135219425,0.982344135219425,0.982344135219425,0.982344135219425,0.9962429422585638,0.9962429422585638,0.9962429422585638,0.9962429422585638,0.9962429422585638,0.9962429422585638,0.9962429422585638,0.9962429422585638,0.9962429422585638,1.0793516572461452,1.0793516572461452,1.0793516572461452,1.0793516572461452,1.0793516572461452,1.0793516572461452,1.0793516572461452,1.0793516572461452,1.0793516572461452,1.0793516572461452,1.0793516572461452,1.0793516572461452,1.0793516572461452,1.0793516572461452,1.0793516572461452,1.0793516572461452,3.0,3.0,3.0,3.0,3.0,3.0,3.0,3.0,3.0,3.0,3.0,3.0,3.0,3.0,3.0,3.0,3.0,3.0,3.0,3.0,3.0,3.0,3.0,3.0,3.0,3.0,3.0,3.0,3.0,3.0,3.0,3.0,3.0,3.0,3.0,3.0,3.0,3.0,3.0,3.0,3.0,3.0,3.0,3.0,3.0,3.0,3.0,3.0,3.0,3.0,3.0
apt_3,L3,9,0.06805577906365051,0.0020408264070778735,6,2.0,0.20615528128088303,0.2,0.45276925690687087,0.4609772228646444,0.5385164807134504,0.5590169943749475,0.6020797289396148,0.9178779875342911,0.9433981132056604,0.9848857801796105,0.9848857801796105,0.9848857801796105,0.9848857801796105,0.9861541461658011,0.9861541461658011,0.9861541461658011,0.9861541461658011,0.9861541461658011,0.9861541461658011,0.9861541461658011,0.9861541461658011,0.9861541461658011,0.9861541461658011,0.9861541461658011,0.9861541461658011,1.0062305898749055,1.0062305898749055,1.0062305898749055,1.0062305898749055,1.0062305898749055,1.0295630140987002,1.0735455276791945,1.0735455276791945,1.0735455276791945,1.0735455276791945,1.0735455276791945,1.0735455276791945,1.0735455276791945,1.0735455276791945,1.0735455276791945,1.0735455276791945,1.0735455276791945,1.0735455276791945,1.0735455276791945,1.0735455276791945,1.0735455276791945,1.0735455276791945,1.0735455276791945,3.0,3.0,3.0,3.0,3.0,3.0,3.0,3.0,3.0,3.0,3.0,3.0,3.0,3.0,3.0,3.0,3.0,3.0,3.0,3.0,3.0,3.0,3.0,3.0,3.0,3.0,3.0,3.0,3.0,3.0,3.0,3.0,3.0,3.0,3.0,3.0,3.0,3.0,3.0,3.0,3.0,3.0,3.0,3.0,3.0,3.0,3.0,3.0,3.0,3.0,3.0,3.0,3.0,3.0
apt_3,L4,0,0.5722964933292338,0.030808560185983633,6,2.0,0.873212459828649,0.8139410298049854,1.101135777277262,1.110180165558726,1.2020815280171309,1.2103718436910205,1.2419742348374223,1.2419742348374223,1.2419742348374223,1.2419742348374223,1.2419742348374223,1.2419742348374223,1.2419742348374223,1.2419742348374223,1.2419742348374223,1.2419742348374223,1.2619429464123963,1.2619429464123963,1.2619429464123963,1.2619429464123963,1.2619429464123963,1.2619429464123963,1.2619429464123963,1.2619429464123963,1.2619429464123963,1.2619429464123963,1.2903487900563941,1.2903487900563941,1.2903487900563941,1.3124404748406688,1.3124404748406688,1.3124404748406688,1.3124404748406688,1.3124404748406688,1.3124404748406688,1.3124404748406688,1.3124404748406688,1.3124404748406688,1.3124404748406688,1.3124404748406688,1.3124404748406688,1.3124404748406688,1.3124404748406688,1.3124404748406688,1.3124404748406688,1.3124404748406688,1.3200378782444087,1.3200378782444087,1.3200378782444087,1.3453624047073711,1.3453624047073711,1.3453624047073711,1.3453624047073711,1.3453624047073711,1.3453624047073711,1.3453624047073711,1.3453624047073711,1.3453624047073711,1.3453624047073711,1.3453624047073711,1.3453624047073711,1.3453624047073711,3.0,3.0,3.0,3.0,3.0,3.0,3.0,3.0,3.0,3.0,3.0,3.0,3.0,3.0,3.0,3.0,3.0,3.0,3.0,3.0,3.0,3.0,3.0,3.0,3.0,3.0,3.0,3.0,3.0,3.0,3.0,3.0,3.0,3.0,3.0,3.0,3.0,3.0,3.0,3.0
apt_3,L4,1,0.6711800977701339,0.051244183463244546,6,2.0,1.3509256086106296,0.65,1.4008925726121901,1.4008925726121901,1.4008925726121901,1.4008925726121901,1.4008925726121901,1.4008925726121901,1.4008925726121901,1.4008925726121901,1.4008925726121901,1.4008925726121901,1.4008925726121901,1.4008925726121901,1.4008925726121901,1.4008925726121901,1.6985287751463032,1.6985287751463032,1.6985287751463032,1.6985287751463032,1.6985287751463032,1.6985287751463032,1.6985287751463032,1.6985287751463032,1.6985287751463032,1.6985287751463032,1.6985287751463032,1.6985287751463032,1.6985287751463032,1.6985287751463032,1.6985287751463032,1.6985287751463032,1.6985287751463032,1.6985287751463032,1.6985287751463032,1.6985287751463032,1.6985287751463032,1.6985287751463032,1.6985287751463032,1.6985287751463032,1.6985287751463032,1.6985287751463032,1.6985287751463032,1.6985287751463032,1.77341478509682,1.77341478509682,1.77341478509682,1.77341478509682,1.77341478509682,1.77341478509682,1.77341478509682,1.77341478509682,1.77341478509682,1.77341478509682,1.77341478509682,1.811767093199344,1.9039432764659772,1.9039432764659772,1.9039432764659772,1.9039432764659772,1.9039432764659772,1.9039432764659772,1.9525624189766635,1.9525624189766635,1.9525624189766635,3.0,3.0,3.0,3.0,3.0,3.0,3.0,3.0,3.0,3.0,3.0,3.0,3.0,3.0,3.0,3.0,3.0,3.0,3.0,3.0,3.0,3.0,3.0,3.0,3.0,3.0,3.0,3.0,3.0,3.0,3.0,3.0,3.0,3.0,3.0,3.0,3.0
apt_3,L4,2,0.8622674225692273,0.0530788058722098,6,2.0,1.0816653826391969,0.2692582403567252,1.0012492197250393,1.0012492197250393,1.0012492197250393,1.0012492197250393,1.0012492197250393,1.0012492197250393,1.0700467279516348,1.0700467279516348,1.0700467279516348,1.0700467279516348,1.1236102527122116,1.1236102527122116,1.1236102527122116,1.1236102527122116,1.1236102527122116,1.1236102527122116,1.1236102527122116,1.1510864433221337,1.1510864433221337,1.1510864433221337,1.1715374513859982,1.1715374513859982,1.1715374513859982,1.1715374513859982,1.1715374513859982,1.1715374513859982,1.1715374513859982,1.1715374513859982,1.1715374513859982,1.1715374513859982,1.1715374513859982,1.1715374513859982,1.1926860441876563,1.1926860441876563,1.1926860441876563,1.1926860441876563,1.1926860441876563,1.1926860441876563,1.1926860441876563,1.4221462653327892,1.4221462653327892,1.4221462653327892,1.4221462653327892,1.4221462653327892,1.5,1.5008331019803636,1.5008331019803636,1.5008331019803636,1.5008331019803636,1.5008331019803636,1.5008331019803636,1.5008331019803636,1.5008331019803636,1.5008331019803636,1.5008331019803636,1.5008331019803636,1.55,1.55,1.55,1.55,3.0,3.0,3.0,3.0,3.0,3.0,3.0,3.0,3.0,3.0,3.0,3.0,3.0,3.0,3.0,3.0,3.0,3.0,3.0,3.0,3.0,3.0,3.0,3.0,3.0,3.0,3.0,3.0,3.0,3.0,3.0,3.0,3.0,3.0,3.0,3.0,3.0,3.0,3.0,3.0
apt_3,L4,3,0.7016753363577319,0.06093290992449537,6,2.0,1.5,0.49244289008980524,1.4080127840328724,1.4080127840328724,1.4230249470757708,1.4230249470757708,1.4230249470757708,1.4317821063276355,1.4317821063276355,1.4317821063276355,1.4317821063276355,1.4326548781894404,1.439618004888797,1.4534441853748634,1.4534441853748634,1.484082207965583,1.484082207965583,1.484082207965583,1.484082207965583,1.484082207965583,1.4866068747318506,1.4866068747318506,1.5524174696260025,1.5524174696260025,1.5524174696260025,1.5976545308670458,1.5976545308670458,1.5976545308670458,1.5976545308670458,1.5976545308670458,1.5976545308670458,1.5976545308670458,1.5976545308670458,1.5976545308670458,1.6620770138594663,1.6620770138594663,1.7755280904564703,1.7755280904564703,1.833712082089225,1.833712082089225,1.833712082089225,1.833712082089225,1.833712082089225,1.833712082089225,1.833712082089225,1.833712082089225,1.833712082089225,1.833712082089225,1.833712082089225,1.85,1.85,1.89274932307477,1.89274932307477,1.9006577808748213,1.9006577808748213,1.9006577808748213,1.9006577808748213,1.9006577808748213,1.9006577808748213,1.9006577808748213,1.9006577808748213,1.9006577808748213,1.9006577808748213,1.94164878389476,1.94164878389476,3.0,3.0,3.0,3.0,3.0,3.0,3.0,3.0,3.0,3.0,3.0,3.0,3.0,3.0,3.0,3.0,3.0,3.0,3.0,3.0,3.0,3.0,3.0,3.0,3.0,3.0,3.0,3.0,3.0,3.0,3.0,3.0,3.0,3.0,3.0,3.0,3.0
apt_3,L4,4,0.7764310624790346,0.06779683523744638,6,2.0,1.1800423721205948,0.55,1.4221462653327892,1.4221462653327892,1.4221462653327892,1.4430869689661812,1.5041608956491324,1.5041608956491324,1.5182226450688976,1.5182226450688976,1.5508062419270825,1.5508062419270825,1.5508062419270825,1.5508062419270825,1.7613914953808536,2.0303940504246953,2.128966885604377,2.166217902243447,2.166217902243447,2.166217902243447,2.166217902243447,2.166217902243447,2.166217902243447,2.166217902243447,2.166217902243447,2.166217902243447,2.166217902243447,2.166217902243447,2.166217902243447,2.166217902243447,2.166217902243447,2.166217902243447,2.166217902243447,2.166217902243447,2.166217902243447,2.166217902243447,2.166217902243447,2.166217902243447,2.166217902243447,2.166217902243447,2.166217902243447,2.166217902243447,2.166217902243447,2.166217902243447,2.166217902243447,2.166217902243447,2.166217902243447,2.166217902243447,2.166217902243447,2.1828879952943074,2.1828879952943074,2.2135943621178655,2.2135943621178655,2.2135943621178655,2.2135943621178655,2.2135943621178655,2.2135943621178655,2.2135943621178655,2.2135943621178655,2.2135943621178655,3.0,3.0,3.0,3.0,3.0,3.0,3.0,3.0,3.0,3.0,3.0,3.0,3.0,3.0,3.0,3.0,3.0,3.0,3.0,3.0,3.0,3.0,3.0,3.0,3.0,3.0,3.0,3.0,3.0,3.0,3.0,3.0,3.0,3.0,3.0,3.0,3.0,3.0,3.0,3.0,3.0,3.0
apt_3,L4,5,0.6374141812623353,0.02379912729500002,6,2.0,0.35000000000000003,0.35000000000000003,0.5590169943749475,0.5830951894845301,0.651920240520265,0.6726812023536856,0.6726812023536856,0.6946221994724903,0.7106335201775948,1.0307764064044151,1.0307764064044151,1.0307764064044151,1.0307764064044151,1.0307764064044151,1.0307764064044151,1.0307764064044151,1.0307764064044151,1.044030650891055,1.044030650891055,1.044030650891055,1.044030650891055,1.044030650891055,1.044030650891055,1.044030650891055,1.044030650891055,1.044030650891055,1.044030650891055,1.0793516572461452,1.0793516572461452,1.0793516572461452,1.0793516572461452,1.0793516572461452,1.0793516572461452,1.0793516572461452,1.0793516572461452,1.0793516572461452,1.0793516572461452,1.0920164833920778,1.0920164833920778,1.0920164833920778,1.0920164833920778,1.0920164833920778,1.0920164833920778,1.0920164833920778,1.1236102527122116,1.1236102527122116,1.1236102527122116,1.1280514172678477,1.140175425099138,1.140175425099138,1.140175425099138,1.140175425099138,1.140175425099138,1.140175425099138,1.140175425099138,1.140175425099138,1.140175425099138,1.140175425099138,1.140175425099138,3.0,3.0,3.0,3.0,3.0,3.0,3.0,3.0,3.0,3.0,3.0,3.0,3.0,3.0,3.0,3.0,3.0,3.0,3.0,3.0,3.0,3.0,3.0,3.0,3.0,3.0,3.0,3.0,3.0,3.0,3.0,3.0,3.0,3.0,3.0,3.0,3.0,3.0,3.0,3.0,3.0,3.0,3.0
apt_3,L4,6,1.237574479190894,0.0864420966798313,6,2.0,1.05,0.5408326913195984,0.9192388155425117,0.9192388155425117,1.0965856099730655,1.0965856099730655,1.0965856099730655,1.0965856099730655,1.0965856099730655,1.0965856099730655,1.1543396380615196,1.2257650672131264,1.2257650672131264,1.2257650672131264,1.2257650672131264,1.480709289496085,1.6347782724271818,1.6347782724271818,1.6347782724271818,1.6347782724271818,1.6347782724271818,1.6347782724271818,1.6347782724271818,1.6347782724271818,1.6347782724271818,1.6347782724271818,1.6347782724271818,1.6347782724271818,1.6347782724271818,1.6347782724271818,1.6347782724271818,1.6347782724271818,1.6347782724271818,1.6347782724271818,1.6347782724271818,1.6347782724271818,1.6347782724271818,1.6347782724271818,1.6347782724271818,1.6347782724271818,1.6347782724271818,1.6347782724271818,1.6347782724271818,1.6347782724271818,1.6347782724271818,1.6347782724271818,1.6347782724271818,1.6347782724271818,1.6347782724271818,1.6347782724271818,1.6347782724271818,1.6347782724271818,1.6347782724271818,1.6347782724271818,1.6347782724271818,1.6347782724271818,1.6347782724271818,1.6347782724271818,1.6347782724271818,1.6347782724271818,1.6347782724271818,1.6347782724271818,1.6347782724271818,1.7219175357722563,3.0,3.0,3.0,3.0,3.0,3.0,3.0,3.0,3.0,3.0,3.0,3.0,3.0,3.0,3.0,3.0,3.0,3.0,3.0,3.0,3.0,3.0,3.0,3.0,3.0,3.0,3.0,3.0,3.0,3.0,3.0,3.0,3.0,3.0,3.0,3.0,3.0,3.0
apt_3,L4,7,0.6398625085541587,0.03668516673606226,6,2.0,1.1800423721205948,0.45276925690687087,1.0965856099730655,1.0965856099730655,1.0965856099730655,1.0965856099730655,1.101135777277262,1.101135777277262,1.101135777277262,1.101135777277262,1.101135777277262,1.101135777277262,1.101135777277262,1.140175425099138,1.140175425099138,1.2041594578792296,1.2041594578792296,1.2041594578792296,1.2379418403139948,1.2379418403139948,1.2379418403139948,1.2379418403139948,1.2379418403139948,1.2379418403139948,1.2379418403139948,1.2379418403139948,1.2379418403139948,1.2379418403139948,1.2379418403139948,1.2379418403139948,1.2379418403139948,1.3,1.3,1.3,1.3,1.3,1.3,1.3,1.3,1.3729530217745982,1.3729530217745982,1.3729530217745982,1.3729530217745982,1.3729530217745982,1.3729530217745982,1.3729530217745982,1.3729530217745982,1.3729530217745982,1.3729530217745982,1.3729530217745982,1.3729530217745982,1.3729530217745982,1.3729530217745982,1.3729530217745982,1.3729530217745982,1.4221462653327892,1.4221462653327892,1.4221462653327892,1.4221462653327892,1.4221462653327892,1.4221462653327892,1.4221462653327892,1.4221462653327892,1.4221462653327892,1.4221462653327892,1.4221462653327892,1.4221462653327892,1.5041608956491324,1.5041608956491324,3.0,3.0,3.0,3.0,3.0,3.0,3.0,3.0,3.0,3.0,3.0,3.0,3.0,3.0,3.0,3.0,3.0,3.0,3.0,3.0,3.0,3.0,3.0,3.0,3.0,3.0,3.0,3.0,3.0,3.0,3.0,3.0,3.0
apt_3,L4,8,0.5058619178149715,0.03399996583335928,6,2.0,0.5830951894845301,0.5099019513592785,1.1067971810589328,1.1067971810589328,1.2747548783981963,1.2747548783981963,1.2747548783981963,1.2747548783981963,1.2747548783981963,1.2816005617976298,1.4080127840328724,1.4577379737113252,1.4577379737113252,1.4577379737113252,1.4577379737113252,1.4713938969562161,1.4713938969562161,1.4713938969562161,1.4713938969562161,1.4713938969562161,1.4713938969562161,1.4713938969562161,1.4713938969562161,1.4713938969562161,1.5074813431681335,1.5074813431681335,1.5074813431681335,1.5074813431681335,1.5074813431681335,1.5074813431681335,1.5074813431681335,1.520690632574555,1.520690632574555,1.520690632574555,1.520690632574555,1.520690632574555,1.520690632574555,1.5297058540778357,1.5297058540778357,1.5297058540778357,1.5297058540778357,1.5297058540778357,1.5297058540778357,1.5297058540778357,1.5297058540778357,1.5297058540778357,1.5297058540778357,1.5297058540778357,1.5297058540778357,1.5628499608087785,1.5628499608087785,1.5628499608087785,1.5628499608087785,1.5628499608087785,1.5628499608087785,1.5628499608087785,1.5628499608087785,1.5628499608087785,1.5628499608087785,3.0,3.0,3.0,3.0,3.0,3.0,3.0,3.0,3.0,3.0,3.0,3.0,3.0,3.0,3.0,3.0,3.0,3.0,3.0,3.0,3.0,3.0,3.0,3.0,3.0,3.0,3.0,3.0,3.0,3.0,3.0,3.0,3.0,3.0,3.0,3.0,3.0,3.0,3.0,3.0,3.0,3.0,3.0
apt_3,L4,9,0.45320400006743927,0.012716541985503996,6,2.0,1.0770329614269007,0.651920240520265,1.0770329614269007,1.0770329614269007,1.2619429464123963,1.2619429464123963,1.4534441853748634,1.788854381999832,1.811767093199344,1.811767093199344,1.811767093199344,1.833712082089225,1.8357559750685821,1.8357559750685821,1.8357559750685821,1.8357559750685821,1.8357559750685821,1.8357559750685821,1.8357559750685821,1.8357559750685821,1.8357559750685821,1.8357559750685821,1.8357559750685821,1.8357559750685821,1.8357559750685821,1.8357559750685821,1.8607794065928396,1.8607794065928396,1.8607794065928396,1.8607794065928396,1.8607794065928396,1.8607794065928396,1.8607794065928396,1.8607794065928396,1.8794946129212502,1.8867962264113207,1.8867962264113207,1.8867962264113207,1.8867962264113207,1.8867962264113207,1.929378138157474,1.929378138157474,1.929378138157474,1.929378138157474,1.929378138157474,1.929378138157474,1.929378138157474,1.929378138157474,1.929378138157474,1.929378138157474,1.929378138157474,1.929378138157474,1.929378138157474,1.929378138157474,1.929378138157474,1.929378138157474,1.929378138157474,1.9704060495238034,1.9704060495238034,1.9704060495238034,2.0112185361118766,3.0,3.0,3.0,3.0,3.0,3.0,3.0,3.0,3.0,3.0,3.0,3.0,3.0,3.0,3.0,3.0,3.0,3.0,3.0,3.0,3.0,3.0,3.0,3.0,3.0,3.0,3.0,3.0,3.0,3.0,3.0,3.0,3.0,3.0,3.0,3.0,3.0,3.0,3.0,3.0,3.0
apt_3,L5,0,3.40213404449589,0.18884813635082676,5,2.0,3.0,0.696419413859206,3.0,3.0,3.0,3.0,3.0,3.0,3.0,3.0,3.0,3.0,3.0,3.0,3.0,3.0,3.0,3.0,3.0,3.0,3.0,3.0,3.0,3.0,3.0,3.0,3.0,3.0,3.0,3.0,3.0,3.0,3.0,3.0,3.0,3.0,3.0,3.0,3.0,3.0,3.0,3.0,3.0,3.0,3.0,3.0,3.0,3.0,3.0,3.0,3.0,3.0,3.0,3.0,3.0,3.0,3.0,3.0,3.0,3.0,3.0,3.0,3.0,3.0,3.0,3.0,3.0,3.0,3.0,3.0,3.0,3.0,3.0,3.0,3.0,3.0,3.0,3.0,3.0,3.0,3.0,3.0,3.0,3.0,3.0,3.0,3.0,3.0,3.0,3.0,3.0,3.0,3.0,3.0,3.0,3.0,3.0,3.0,3.0,3.0,3.0,3.0
apt_3,L5,1,3.861129094040949,0.2900339592608975,3,2.0,3.0,1.0977249200050074,3.0,3.0,3.0,3.0,3.0,3.0,3.0,3.0,3.0,3.0,3.0,3.0,3.0,3.0,3.0,3.0,3.0,3.0,3.0,3.0,3.0,3.0,3.0,3.0,3.0,3.0,3.0,3.0,3.0,3.0,3.0,3.0,3.0,3.0,3.0,3.0,3.0,3.0,3.0,3.0,3.0,3.0,3.0,3.0,3.0,3.0,3.0,3.0,3.0,3.0,3.0,3.0,3.0,3.0,3.0,3.0,3.0,3.0,3.0,3.0,3.0,3.0,3.0,3.0,3.0,3.0,3.0,3.0,3.0,3.0,3.0,3.0,3.0,3.0,3.0,3.0,3.0,3.0,3.0,3.0,3.0,3.0,3.0,3.0,3.0,3.0,3.0,3.0,3.0,3.0,3.0,3.0,3.0,3.0,3.0,3.0,3.0,3.0,3.0,3.0
apt_3,L5,2,5.408244214433013,0.3080935034748588,2,2.0,2.412985702402731,0.05,2.425386567126981,2.425386567126981,2.425386567126981,2.425386567126981,2.425386567126981,2.425386567126981,2.425386567126981,2.425386567126981,2.425386567126981,2.425386567126981,2.425386567126981,2.425386567126981,2.425386567126981,2.425386567126981,2.425386567126981,2.425386567126981,2.425386567126981,2.425386567126981,2.425386567126981,2.425386567126981,2.425386567126981,2.425386567126981,2.425386567126981,2.425386567126981,2.425386567126981,2.425386567126981,2.425386567126981,2.425386567126981,2.425386567126981,2.425386567126981,2.425386567126981,2.425386567126981,2.425386567126981,2.425386567126981,2.425386567126981,2.425386567126981,2.425386567126981,2.425386567126981,3.0,3.0,3.0,3.0,3.0,3.0,3.0,3.0,3.0,3.0,3.0,3.0,3.0,3.0,3.0,3.0,3.0,3.0,3.0,3.0,3.0,3.0,3.0,3.0,3.0,3.0,3.0,3.0,3.0,3.0,3.0,3.0,3.0,3.0,3.0,3.0,3.0,3.0,3.0,3.0,3.0,3.0,3.0,3.0,3.0,3.0,3.0,3.0,3.0,3.0,3.0,3.0,3.0,3.0,3.0,3.0,3.0,3.0,3.0,3.0,3.0,3.0
apt_3,L5,3,4.410913011419812,0.3770663948748154,1,2.0,1.628649747490233,1.3656500283747663,1.824828759089466,1.824828759089466,1.824828759089466,1.824828759089466,1.824828759089466,1.824828759089466,1.824828759089466,1.824828759089466,1.824828759089466,1.824828759089466,1.824828759089466,1.824828759089466,1.824828759089466,1.824828759089466,1.824828759089466,1.824828759089466,1.824828759089466,1.824828759089466,1.824828759089466,1.824828759089466,1.824828759089466,1.824828759089466,1.824828759089466,1.824828759089466,1.824828759089466,1.824828759089466,1.824828759089466,1.824828759089466,1.824828759089466,1.824828759089466,1.824828759089466,1.824828759089466,1.824828759089466,1.833712082089225,1.833712082089225,1.833712082089225,1.8668154702594473,1.8668154702594473,1.8668154702594473,1.8668154702594473,1.9906029237394383,2.4545875417267156,2.4581497106563712,2.4581497106563712,2.4581497106563712,2.4627220712049507,2.4627220712049507,2.4627220712049507,2.4627220712049507,2.4627220712049507,2.4627220712049507,2.4627220712049507,2.4627220712049507,2.4627220712049507,2.557831112485733,2.557831112485733,2.557831112485733,2.557831112485733,2.557831112485733,2.557831112485733,2.623451924468981,2.623451924468981,2.623451924468981,2.623451924468981,3.0,3.0,3.0,3.0,3.0,3.0,3.0,3.0,3.0,3.0,3.0,3.0,3.0,3.0,3.0,3.0,3.0,3.0,3.0,3.0,3.0,3.0,3.0,3.0,3.0,3.0,3.0,3.0,3.0,3.0,3.0,3.0,3.0,3.0,3.0,3.0
apt_3,L5,4,5.035669350629872,0.3935523753467474,3,2.0,3.0,0.6946221994724903,3.0,3.0,3.0,3.0,3.0,3.0,3.0,3.0,3.0,3.0,3.0,3.0,3.0,3.0,3.0,3.0,3.0,3.0,3.0,3.0,3.0,3.0,3.0,3.0,3.0,3.0,3.0,3.0,3.0,3.0,3.0,3.0,3.0,3.0,3.0,3.0,3.0,3.0,3.0,3.0,3.0,3.0,3.0,3.0,3.0,3.0,3.0,3.0,3.0,3.0,3.0,3.0,3.0,3.0,3.0,3.0,3.0,3.0,3.0,3.0,3.0,3.0,3.0,3.0,3.0,3.0,3.0,3.0,3.0,3.0,3.0,3.0,3.0,3.0,3.0,3.0,3.0,3.0,3.0,3.0,3.0,3.0,3.0,3.0,3.0,3.0,3.0,3.0,3.0,3.0,3.0,3.0,3.0,3.0,3.0,3.0,3.0,3.0,3.0,3.0
apt_3,L5,5,3.92241180161676,0.14776554904225817,6,2.0,2.2901964981197573,0.30000000000000004,2.4667792767088024,2.4667792767088024,2.4824383174612823,2.4824383174612823,2.4829418035870274,2.4829418035870274,2.4829418035870274,2.4829418035870274,2.4829418035870274,2.5500000000000003,2.55440795488896,2.55440795488896,2.55440795488896,2.55440795488896,2.57390753524675,2.57390753524675,2.57390753524675,2.57390753524675,2.57390753524675,2.57390753524675,2.57390753524675,2.57390753524675,2.581181899828062,2.581181899828062,2.581181899828062,2.581181899828062,2.581181899828062,2.581181899828062,2.6925824035672523,2.6925824035672523,2.6925824035672523,2.6925824035672523,2.6925824035672523,2.6925824035672523,2.755449146690971,2.755449146690971,2.755449146690971,2.755449146690971,2.755449146690971,2.755449146690971,2.755449146690971,2.755449146690971,2.755449146690971,2.755449146690971,2.755449146690971,2.7658633371878665,2.7658633371878665,2.7658633371878665,2.7658633371878665,2.7658633371878665,2.7658633371878665,2.7658633371878665,2.7658633371878665,2.7658633371878665,2.7658633371878665,2.7658633371878665,2.7658633371878665,2.7721832551258228,2.7721832551258228,2.7721832551258228,2.7950849718747373,2.7950849718747373,2.7950849718747373,2.814693589007514,2.863564212655271,2.863564212655271,2.863564212655271,2.9025850547399985,3.0,3.0,3.0,3.0,3.0,3.0,3.0,3.0,3.0,3.0,3.0,3.0,3.0,3.0,3.0,3.0,3.0,3.0,3.0,3.0,3.0,3.0,3.0,3.0,3.0,3.0,3.0,3.0,3.0,3.0,3.0,3.0
apt_3,L5,6,7.3111825681557585,0.49895241393518963,3,2.0,3.0,0.158113883008419,3.0,3.0,3.0,3.0,3.0,3.0,3.0,3.0,3.0,3.0,3.0,3.0,3.0,3.0,3.0,3.0,3.0,3.0,3.0,3.0,3.0,3.0,3.0,3.0,3.0,3.0,3.0,3.0,3.0,3.0,3.0,3.0,3.0,3.0,3.0,3.0,3.0,3.0,3.0,3.0,3.0,3.0,3.0,3.0,3.0,3.0,3.0,3.0,3.0,3.0,3.0,3.0,3.0,3.0,3.0,3.0,3.0,3.0,3.0,3.0,3.0,3.0,3.0,3.0,3.0,3.0,3.0,3.0,3.0,3.0,3.0,3.0,3.0,3.0,3.0,3.0,3.0,3.0,3.0,3.0,3.0,3.0,3.0,3.0,3.0,3.0,3.0,3.0,3.0,3.0,3.0,3.0,3.0,3.0,3.0,3.0,3.0,3.0,3.0,3.0
apt_3,L5,7,4.058193925018291,0.23492731253856675,5,2.0,3.0,0.6184658438426491,3.0,3.0,3.0,3.0,3.0,3.0,3.0,3.0,3.0,3.0,3.0,3.0,3.0,3.0,3.0,3.0,3.0,3.0,3.0,3.0,3.0,3.0,3.0,3.0,3.0,3.0,3.0,3.0,3.0,3.0,3.0,3.0,3.0,3.0,3.0,3.0,3.0,3.0,3.0,3.0,3.0,3.0,3.0,3.0,3.0,3.0,3.0,3.0,3.0,3.0,3.0,3.0,3.0,3.0,3.0,3.0,3.0,3.0,3.0,3.0,3.0,3.0,3.0,3.0,3.0,3.0,3.0,3.0,3.0,3.0,3.0,3.0,3.0,3.0,3.0,3.0,3.0,3.0,3.0,3.0,3.0,3.0,3.0,3.0,3.0,3.0,3.0,3.0,3.0,3.0,3.0,3.0,3.0,3.0,3.0,3.0,3.0,3.0,3.0,3.0
apt_3,L5,8,3.5766853192191945,0.23423677715648678,4,2.0,3.0,0.7071067811865476,3.0,3.0,3.0,3.0,3.0,3.0,3.0,3.0,3.0,3.0,3.0,3.0,3.0,3.0,3.0,3.0,3.0,3.0,3.0,3.0,3.0,3.0,3.0,3.0,3.0,3.0,3.0,3.0,3.0,3.0,3.0,3.0,3.0,3.0,3.0,3.0,3.0,3.0,3.0,3.0,3.0,3.0,3.0,3.0,3.0,3.0,3.0,3.0,3.0,3.0,3.0,3.0,3.0,3.0,3.0,3.0,3.0,3.0,3.0,3.0,3.0,3.0,3.0,3.0,3.0,3.0,3.0,3.0,3.0,3.0,3.0,3.0,3.0,3.0,3.0,3.0,3.0,3.0,3.0,3.0,3.0,3.0,3.0,3.0,3.0,3.0,3.0,3.0,3.0,3.0,3.0,3.0,3.0,3.0,3.0,3.0,3.0,3.0,3.0,3.0
apt_3,L5,9,2.8397488795196124,0.04778348347802977,6,2.0,3.0,0.5315072906367325,3.0,3.0,3.0,3.0,3.0,3.0,3.0,3.0,3.0,3.0,3.0,3.0,3.0,3.0,3.0,3.0,3.0,3.0,3.0,3.0,3.0,3.0,3.0,3.0,3.0,3.0,3.0,3.0,3.0,3.0,3.0,3.0,3.0,3.0,3.0,3.0,3.0,3.0,3.0,3.0,3.0,3.0,3.0,3.0,3.0,3.0,3.0,3.0,3.0,3.0,3.0,3.0,3.0,3.0,3.0,3.0,3.0,3.0,3.0,3.0,3.0,3.0,3.0,3.0,3.0,3.0,3.0,3.0,3.0,3.0,3.0,3.0,3.0,3.0,3.0,3.0,3.0,3.0,3.0,3.0,3.0,3.0,3.0,3.0,3.0,3.0,3.0,3.0,3.0,3.0,3.0,3.0,3.0,3.0,3.0,3.0,3.0,3.0,3.0,3.0
