scene,level,seed,task,arm,abstained,classes_fell_back,planned,violation,collision,reached,length,success,oracle_length
v3_sc3_staging_03,L0,0,0,uncalibrated,False,0,True,False,False,True,4.094974746830584,True,4.094974746830584
v3_sc3_staging_03,L0,0,0,label_cell,False,0,False,False,False,False,nan,False,4.094974746830584
v3_sc3_staging_03,L0,0,0,label_only,False,0,True,False,False,True,5.32634559672906,True,4.094974746830584
v3_sc3_staging_03,L0,0,0,pose_only,False,0,True,False,False,True,4.094974746830584,True,4.094974746830584
v3_sc3_staging_03,L0,0,0,separate,False,0,True,False,False,True,5.32634559672906,True,4.094974746830584
v3_sc3_staging_03,L0,0,0,joint,False,0,True,False,False,True,5.32634559672906,True,4.094974746830584
v3_sc3_staging_03,L0,0,0,oracle,False,0,True,False,False,True,4.094974746830584,True,4.094974746830584
v3_sc3_staging_03,L1,0,0,uncalibrated,False,0,True,False,False,True,4.094974746830584,True,4.094974746830584
v3_sc3_staging_03,L1,0,0,label_cell,False,0,False,False,False,False,nan,False,4.094974746830584
v3_sc3_staging_03,L1,0,0,label_only,False,0,True,False,False,True,5.32634559672906,True,4.094974746830584
v3_sc3_staging_03,L1,0,0,pose_only,False,0,True,False,False,True,4.094974746830584,True,4.094974746830584
v3_sc3_staging_03,L1,0,0,separate,False,0,True,False,False,True,5.32634559672906,True,4.094974746830584
v3_sc3_staging_03,L1,0,0,joint,False,0,True,False,False,True,5.32634559672906,True,4.094974746830584
v3_sc3_staging_03,L1,0,0,oracle,False,0,True,False,False,True,4.094974746830584,True,4.094974746830584
v3_sc3_staging_03,L1,1,0,uncalibrated,False,0,True,False,False,True,4.094974746830584,True,4.094974746830584
v3_sc3_staging_03,L1,1,0,label_cell,False,0,False,False,False,False,nan,False,4.094974746830584
v3_sc3_staging_03,L1,1,0,label_only,False,0,True,False,False,True,5.32634559672906,True,4.094974746830584
v3_sc3_staging_03,L1,1,0,pose_only,False,0,True,False,False,True,4.094974746830584,True,4.094974746830584
v3_sc3_staging_03,L1,1,0,separate,False,0,True,False,False,True,5.32634559672906,True,4.094974746830584
v3_sc3_staging_03,L1,1,0,joint,False,0,True,False,False,True,5.32634559672906,True,4.094974746830584
v3_sc3_staging_03,L1,1,0,oracle,False,0,True,False,False,True,4.094974746830584,True,4.094974746830584
v3_sc3_staging_03,L1,2,0,uncalibrated,False,0,True,False,False,True,4.094974746830584,True,4.094974746830584
v3_sc3_staging_03,L1,2,0,label_cell,False,0,False,False,False,False,nan,False,4.094974746830584
v3_sc3_staging_03,L1,2,0,label_only,False,0,True,False,False,True,5.32634559672906,True,4.094974746830584
v3_sc3_staging_03,L1,2,0,pose_only,False,0,True,False,False,True,4.094974746830584,True,4.094974746830584
v3_sc3_staging_03,L1,2,0,separate,False,0,True,False,False,True,5.32634559672906,True,4.094974746830584
v3_sc3_staging_03,L1,2,0,joint,False,0,True,False,False,True,5.32634559672906,True,4.094974746830584
v3_sc3_staging_03,L1,2,0,oracle,False,0,True,False,False,True,4.094974746830584,True,4.094974746830584
v3_sc3_staging_03,L1,3,0,uncalibrated,False,0,True,False,False,True,4.12426406871193,True,4.12426406871193
v3_sc3_staging_03,L1,3,0,label_cell,False,0,False,False,False,False,nan,False,4.12426406871193
v3_sc3_staging_03,L1,3,0,label_only,False,0,True,False,False,True,5.32634559672906,True,4.12426406871193
v3_sc3_staging_03,L1,3,0,pose_only,False,0,True,False,False,True,4.12426406871193,True,4.12426406871193
v3_sc3_staging_03,L1,3,0,separate,False,0,True,False,False,True,5.32634559672906,True,4.12426406871193
v3_sc3_staging_03,L1,3,0,joint,False,0,True,False,False,True,5.32634559672906,True,4.12426406871193
v3_sc3_staging_03,L1,3,0,oracle,False,0,True,False,False,True,4.12426406871193,True,4.12426406871193
v3_sc3_staging_03,L1,4,0,uncalibrated,False,0,True,False,False,True,4.094974746830584,True,4.094974746830584
v3_sc3_staging_03,L1,4,0,label_cell,False,0,False,False,False,False,nan,False,4.094974746830584
v3_sc3_staging_03,L1,4,0,label_only,False,0,True,False,False,True,5.32634559672906,True,4.094974746830584
v3_sc3_staging_03,L1,4,0,pose_only,False,0,True,False,False,True,4.094974746830584,True,4.094974746830584
v3_sc3_staging_03,L1,4,0,separate,False,0,True,False,False,True,5.32634559672906,True,4.094974746830584
v3_sc3_staging_03,L1,4,0,joint,False,0,True,False,False,True,5.32634559672906,True,4.094974746830584
v3_sc3_staging_03,L1,4,0,oracle,False,0,True,False,False,True,4.094974746830584,True,4.094974746830584
v3_sc3_staging_03,L2,0,0,uncalibrated,False,0,True,False,False,True,4.12426406871193,True,4.12426406871193
v3_sc3_staging_03,L2,0,0,label_cell,False,0,False,False,False,False,nan,False,4.12426406871193
v3_sc3_staging_03,L2,0,0,label_only,False,0,True,False,False,True,5.255634918610405,True,4.12426406871193
v3_sc3_staging_03,L2,0,0,pose_only,False,0,True,False,False,True,5.255634918610405,True,4.12426406871193
v3_sc3_staging_03,L2,0,0,separate,False,0,True,False,False,True,5.255634918610405,True,4.12426406871193
v3_sc3_staging_03,L2,0,0,joint,False,0,True,False,False,True,5.255634918610405,True,4.12426406871193
v3_sc3_staging_03,L2,0,0,oracle,False,0,True,False,False,True,4.12426406871193,True,4.12426406871193
v3_sc3_staging_03,L2,1,0,uncalibrated,False,0,True,False,False,True,4.044974746830584,True,4.044974746830584
v3_sc3_staging_03,L2,1,0,label_cell,False,0,False,False,False,False,nan,False,4.044974746830584
v3_sc3_staging_03,L2,1,0,label_only,False,0,True,False,False,True,5.7506096654409875,True,4.044974746830584
v3_sc3_staging_03,L2,1,0,pose_only,False,0,True,False,False,True,5.347056274847715,True,4.044974746830584
v3_sc3_staging_03,L2,1,0,separate,False,0,True,False,False,True,5.8920310216782985,True,4.044974746830584
v3_sc3_staging_03,L2,1,0,joint,False,0,True,False,False,True,5.842031021678299,True,4.044974746830584
v3_sc3_staging_03,L2,1,0,oracle,False,0,True,False,False,True,4.044974746830584,True,4.044974746830584
v3_sc3_staging_03,L2,2,0,uncalibrated,False,0,True,False,False,True,4.094974746830583,True,4.094974746830584
v3_sc3_staging_03,L2,2,0,label_cell,False,0,False,False,False,False,nan,False,4.094974746830584
v3_sc3_staging_03,L2,2,0,label_only,False,0,True,False,False,True,5.32634559672906,True,4.094974746830584
v3_sc3_staging_03,L2,2,0,pose_only,False,0,True,False,False,True,5.32634559672906,True,4.094974746830584
v3_sc3_staging_03,L2,2,0,separate,False,0,True,False,False,True,5.32634559672906,True,4.094974746830584
v3_sc3_staging_03,L2,2,0,joint,False,0,True,False,False,True,5.32634559672906,True,4.094974746830584
v3_sc3_staging_03,L2,2,0,oracle,False,0,True,False,False,True,4.094974746830584,True,4.094974746830584
v3_sc3_staging_03,L2,3,0,uncalibrated,False,0,True,False,False,True,4.074264068711929,True,4.136396103067893
v3_sc3_staging_03,L2,3,0,label_cell,False,0,False,False,False,False,nan,False,4.136396103067893
v3_sc3_staging_03,L2,3,0,label_only,False,0,True,False,False,True,5.36776695296637,True,4.136396103067893
v3_sc3_staging_03,L2,3,0,pose_only,False,0,True,False,False,True,5.36776695296637,True,4.136396103067893
v3_sc3_staging_03,L2,3,0,separate,False,0,True,False,False,True,5.36776695296637,True,4.136396103067893
v3_sc3_staging_03,L2,3,0,joint,False,0,True,False,False,True,5.36776695296637,True,4.136396103067893
v3_sc3_staging_03,L2,3,0,oracle,False,0,True,False,False,True,4.136396103067893,True,4.136396103067893
v3_sc3_staging_03,L2,4,0,uncalibrated,False,0,True,False,False,True,4.074264068711929,True,5.305634918610405
v3_sc3_staging_03,L2,4,0,label_cell,False,0,False,False,False,False,nan,False,5.305634918610405
v3_sc3_staging_03,L2,4,0,label_only,False,0,True,False,False,True,5.37634559672906,True,5.305634918610405
v3_sc3_staging_03,L2,4,0,pose_only,False,0,True,False,False,True,5.37634559672906,True,5.305634918610405
v3_sc3_staging_03,L2,4,0,separate,False,0,True,False,False,True,5.37634559672906,True,5.305634918610405
v3_sc3_staging_03,L2,4,0,joint,False,0,True,False,False,True,5.37634559672906,True,5.305634918610405
v3_sc3_staging_03,L2,4,0,oracle,False,0,True,False,False,True,5.305634918610405,True,5.305634918610405
v3_sc3_staging_03,L3,0,0,uncalibrated,False,0,True,False,False,True,5.255634918610406,True,4.094974746830584
v3_sc3_staging_03,L3,0,0,label_cell,False,0,False,False,False,False,nan,False,4.094974746830584
v3_sc3_staging_03,L3,0,0,label_only,False,0,True,False,False,True,5.488477631085025,True,4.094974746830584
v3_sc3_staging_03,L3,0,0,pose_only,False,0,True,False,False,True,5.255634918610406,True,4.094974746830584
v3_sc3_staging_03,L3,0,0,separate,False,0,True,False,False,True,5.904163056034263,True,4.094974746830584
v3_sc3_staging_03,L3,0,0,joint,False,1,False,False,False,False,nan,False,4.094974746830584
v3_sc3_staging_03,L3,0,0,oracle,False,0,True,False,False,True,4.094974746830584,True,4.094974746830584
v3_sc3_staging_03,L3,1,0,uncalibrated,False,0,True,False,False,True,4.053553390593274,True,4.074264068711929
v3_sc3_staging_03,L3,1,0,label_cell,False,0,False,False,False,False,nan,False,4.074264068711929
v3_sc3_staging_03,L3,1,0,label_only,False,0,True,False,False,True,5.721320343559643,True,4.074264068711929
v3_sc3_staging_03,L3,1,0,pose_only,False,0,True,False,False,True,5.417766952966369,True,4.074264068711929
v3_sc3_staging_03,L3,1,0,separate,False,0,True,False,False,True,6.137005768508882,True,4.074264068711929
v3_sc3_staging_03,L3,1,0,joint,False,1,False,False,False,False,nan,False,4.074264068711929
v3_sc3_staging_03,L3,1,0,oracle,False,0,True,False,False,True,4.074264068711929,True,4.074264068711929
v3_sc3_staging_03,L3,2,0,uncalibrated,False,0,True,False,False,True,4.103553390593274,True,4.074264068711929
v3_sc3_staging_03,L3,2,0,label_cell,False,0,False,False,False,False,nan,False,4.074264068711929
v3_sc3_staging_03,L3,2,0,label_only,False,0,True,False,False,True,5.629898987322334,True,4.074264068711929
v3_sc3_staging_03,L3,2,0,pose_only,False,0,True,False,False,True,5.27634559672906,True,4.074264068711929
v3_sc3_staging_03,L3,2,0,separate,False,0,True,False,False,True,6.166295090390227,True,4.074264068711929
v3_sc3_staging_03,L3,2,0,joint,False,1,False,False,False,False,nan,False,4.074264068711929
v3_sc3_staging_03,L3,2,0,oracle,False,0,True,False,False,True,4.074264068711929,True,4.074264068711929
v3_sc3_staging_03,L3,3,0,uncalibrated,False,0,True,False,False,True,5.500609665440988,True,4.1156854249492385
v3_sc3_staging_03,L3,3,0,label_cell,False,0,False,False,False,False,nan,False,4.1156854249492385
v3_sc3_staging_03,L3,3,0,label_only,False,0,True,False,False,True,5.500609665440988,True,4.1156854249492385
v3_sc3_staging_03,L3,3,0,pose_only,False,0,True,False,False,True,5.500609665440988,True,4.1156854249492385
v3_sc3_staging_03,L3,3,0,separate,False,0,True,False,False,True,5.500609665440988,True,4.1156854249492385
v3_sc3_staging_03,L3,3,0,joint,False,1,False,False,False,False,nan,False,4.1156854249492385
v3_sc3_staging_03,L3,3,0,oracle,False,0,True,False,False,True,4.1156854249492385,True,4.1156854249492385
v3_sc3_staging_03,L3,4,0,uncalibrated,False,0,True,False,False,True,4.053553390593274,True,4.032842712474619
v3_sc3_staging_03,L3,4,0,label_cell,False,0,False,False,False,False,nan,False,4.032842712474619
v3_sc3_staging_03,L3,4,0,label_only,False,0,True,False,False,True,5.5142135623730955,True,4.032842712474619
v3_sc3_staging_03,L3,4,0,pose_only,False,0,True,False,False,True,5.5142135623730955,True,4.032842712474619
v3_sc3_staging_03,L3,4,0,separate,False,0,True,False,False,True,5.5142135623730955,True,4.032842712474619
v3_sc3_staging_03,L3,4,0,joint,False,1,False,False,False,False,nan,False,4.032842712474619
v3_sc3_staging_03,L3,4,0,oracle,False,0,True,False,False,True,4.032842712474619,True,4.032842712474619
v3_sc3_staging_03,L4,0,0,uncalibrated,False,0,True,False,False,True,3.7156854249492386,True,4.044974746830584
v3_sc3_staging_03,L4,0,0,label_cell,False,0,False,False,False,False,nan,False,4.044974746830584
v3_sc3_staging_03,L4,0,0,label_only,False,0,True,False,True,True,5.783452377915607,False,4.044974746830584
v3_sc3_staging_03,L4,0,0,pose_only,False,0,True,False,True,True,5.783452377915607,False,4.044974746830584
v3_sc3_staging_03,L4,0,0,separate,False,0,False,False,False,False,nan,False,4.044974746830584
v3_sc3_staging_03,L4,0,0,joint,False,0,False,False,False,False,nan,False,4.044974746830584
v3_sc3_staging_03,L4,0,0,oracle,False,0,True,False,False,True,4.044974746830584,True,4.044974746830584
v3_sc3_staging_03,L4,1,0,uncalibrated,False,0,False,False,False,False,nan,False,4.1449747468305835
v3_sc3_staging_03,L4,1,0,label_cell,False,0,False,False,False,False,nan,False,4.1449747468305835
v3_sc3_staging_03,L4,1,0,label_only,False,0,False,False,False,False,nan,False,4.1449747468305835
v3_sc3_staging_03,L4,1,0,pose_only,False,0,False,False,False,False,nan,False,4.1449747468305835
v3_sc3_staging_03,L4,1,0,separate,False,0,False,False,False,False,nan,False,4.1449747468305835
v3_sc3_staging_03,L4,1,0,joint,False,0,False,False,False,False,nan,False,4.1449747468305835
v3_sc3_staging_03,L4,1,0,oracle,False,0,True,False,False,True,4.1449747468305835,True,4.1449747468305835
v3_sc3_staging_03,L4,2,0,uncalibrated,False,0,True,False,True,True,4.94350288425444,False,4.103553390593274
v3_sc3_staging_03,L4,2,0,label_cell,False,0,False,False,False,False,nan,False,4.103553390593274
v3_sc3_staging_03,L4,2,0,label_only,False,0,True,False,True,True,4.94350288425444,False,4.103553390593274
v3_sc3_staging_03,L4,2,0,pose_only,False,0,True,False,True,True,4.94350288425444,False,4.103553390593274
v3_sc3_staging_03,L4,2,0,separate,False,0,True,False,True,True,4.94350288425444,False,4.103553390593274
v3_sc3_staging_03,L4,2,0,joint,False,0,True,False,True,True,4.94350288425444,False,4.103553390593274
v3_sc3_staging_03,L4,2,0,oracle,False,0,True,False,False,True,4.103553390593274,True,4.103553390593274
v3_sc3_staging_03,L4,3,0,uncalibrated,False,0,False,False,False,False,nan,False,4.177817459305202
v3_sc3_staging_03,L4,3,0,label_cell,False,0,False,False,False,False,nan,False,4.177817459305202
v3_sc3_staging_03,L4,3,0,label_only,False,0,False,False,False,False,nan,False,4.177817459305202
v3_sc3_staging_03,L4,3,0,pose_only,False,0,False,False,False,False,nan,False,4.177817459305202
v3_sc3_staging_03,L4,3,0,separate,False,0,False,False,False,False,nan,False,4.177817459305202
v3_sc3_staging_03,L4,3,0,joint,False,0,False,False,False,False,nan,False,4.177817459305202
v3_sc3_staging_03,L4,3,0,oracle,False,0,True,False,False,True,4.177817459305202,True,4.177817459305202
v3_sc3_staging_03,L4,4,0,uncalibrated,False,0,False,False,False,False,nan,False,4.317766952966369
v3_sc3_staging_03,L4,4,0,label_cell,False,0,False,False,False,False,nan,False,4.317766952966369
v3_sc3_staging_03,L4,4,0,label_only,False,0,False,False,False,False,nan,False,4.317766952966369
v3_sc3_staging_03,L4,4,0,pose_only,False,0,False,False,False,False,nan,False,4.317766952966369
v3_sc3_staging_03,L4,4,0,separate,False,0,False,False,False,False,nan,False,4.317766952966369
v3_sc3_staging_03,L4,4,0,joint,False,0,False,False,False,False,nan,False,4.317766952966369
v3_sc3_staging_03,L4,4,0,oracle,False,0,True,False,False,True,4.317766952966369,True,4.317766952966369
v3_sc3_staging_03,L5,0,0,uncalibrated,False,0,False,False,False,False,nan,False,4.082842712474619
v3_sc3_staging_03,L5,0,0,label_cell,False,0,False,False,False,False,nan,False,4.082842712474619
v3_sc3_staging_03,L5,0,0,label_only,False,0,False,False,False,False,nan,False,4.082842712474619
v3_sc3_staging_03,L5,0,0,pose_only,True,1,False,False,False,False,nan,False,4.082842712474619
v3_sc3_staging_03,L5,0,0,separate,True,1,False,False,False,False,nan,False,4.082842712474619
v3_sc3_staging_03,L5,0,0,joint,True,2,False,False,False,False,nan,False,4.082842712474619
v3_sc3_staging_03,L5,0,0,oracle,False,0,True,False,False,True,4.082842712474619,True,4.082842712474619
v3_sc3_staging_03,L5,1,0,uncalibrated,False,0,False,False,False,False,nan,False,5.326345596729061
v3_sc3_staging_03,L5,1,0,label_cell,False,0,False,False,False,False,nan,False,5.326345596729061
v3_sc3_staging_03,L5,1,0,label_only,False,0,False,False,False,False,nan,False,5.326345596729061
v3_sc3_staging_03,L5,1,0,pose_only,True,1,False,False,False,False,nan,False,5.326345596729061
v3_sc3_staging_03,L5,1,0,separate,True,1,False,False,False,False,nan,False,5.326345596729061
v3_sc3_staging_03,L5,1,0,joint,True,2,False,False,False,False,nan,False,5.326345596729061
v3_sc3_staging_03,L5,1,0,oracle,False,0,True,False,False,True,5.326345596729061,True,5.326345596729061
v3_sc3_staging_03,L5,2,0,uncalibrated,False,0,False,False,False,False,nan,False,4.355634918610405
v3_sc3_staging_03,L5,2,0,label_cell,False,0,False,False,False,False,nan,False,4.355634918610405
v3_sc3_staging_03,L5,2,0,label_only,False,0,False,False,False,False,nan,False,4.355634918610405
v3_sc3_staging_03,L5,2,0,pose_only,True,1,False,False,False,False,nan,False,4.355634918610405
v3_sc3_staging_03,L5,2,0,separate,True,1,False,False,False,False,nan,False,4.355634918610405
v3_sc3_staging_03,L5,2,0,joint,True,2,False,False,False,False,nan,False,4.355634918610405
v3_sc3_staging_03,L5,2,0,oracle,False,0,True,False,False,True,4.355634918610405,True,4.355634918610405
v3_sc3_staging_03,L5,4,0,uncalibrated,False,0,False,False,False,False,nan,False,5.4526911934581195
v3_sc3_staging_03,L5,4,0,label_cell,False,0,False,False,False,False,nan,False,5.4526911934581195
v3_sc3_staging_03,L5,4,0,label_only,False,0,False,False,False,False,nan,False,5.4526911934581195
v3_sc3_staging_03,L5,4,0,pose_only,True,1,False,False,False,False,nan,False,5.4526911934581195
v3_sc3_staging_03,L5,4,0,separate,True,1,False,False,False,False,nan,False,5.4526911934581195
v3_sc3_staging_03,L5,4,0,joint,True,2,False,False,False,False,nan,False,5.4526911934581195
v3_sc3_staging_03,L5,4,0,oracle,False,0,True,False,False,True,5.4526911934581195,True,5.4526911934581195
