scene,level,seed,task,arm,abstained,classes_fell_back,exposed,planned,violation,collision,reached,length,clearance,obst_clearance,success,oracle_length
apt_3,L0,0,0,uncalibrated,False,0,True,True,False,False,True,5.095584412271571,0.5,0.20615528128088303,True,5.095584412271571
apt_3,L0,0,0,label_cell,False,0,False,False,False,False,False,nan,nan,nan,False,5.095584412271571
apt_3,L0,0,0,geometry,False,0,False,False,False,False,False,nan,nan,nan,False,5.095584412271571
apt_3,L0,0,0,label_only,False,0,False,False,False,False,False,nan,nan,nan,False,5.095584412271571
apt_3,L0,0,0,pose_only,False,0,True,True,False,False,True,5.095584412271571,0.5,0.20615528128088303,True,5.095584412271571
apt_3,L0,0,0,separate,False,0,False,False,False,False,False,nan,nan,nan,False,5.095584412271571
apt_3,L0,0,0,joint,False,0,False,False,False,False,False,nan,nan,nan,False,5.095584412271571
apt_3,L0,0,0,oracle,False,0,False,True,False,False,True,5.095584412271571,0.5024937810560445,0.20615528128088303,True,5.095584412271571
apt_3,L0,0,1,uncalibrated,False,0,True,True,False,False,True,4.729898987322333,0.570087712549569,0.20615528128088303,True,4.729898987322333
apt_3,L0,0,1,label_cell,False,0,False,False,False,False,False,nan,nan,nan,False,4.729898987322333
apt_3,L0,0,1,geometry,False,0,False,False,False,False,False,nan,nan,nan,False,4.729898987322333
apt_3,L0,0,1,label_only,False,0,False,False,False,False,False,nan,nan,nan,False,4.729898987322333
apt_3,L0,0,1,pose_only,False,0,True,True,False,False,True,4.729898987322333,0.570087712549569,0.20615528128088303,True,4.729898987322333
apt_3,L0,0,1,separate,False,0,False,False,False,False,False,nan,nan,nan,False,4.729898987322333
apt_3,L0,0,1,joint,False,0,False,False,False,False,False,nan,nan,nan,False,4.729898987322333
apt_3,L0,0,1,oracle,False,0,False,True,False,False,True,4.729898987322333,0.570087712549569,0.20615528128088303,True,4.729898987322333
apt_3,L0,0,2,uncalibrated,False,0,True,True,False,False,True,4.2778174593052025,0.5,0.30000000000000004,True,4.2778174593052025
apt_3,L0,0,2,label_cell,False,0,False,False,False,False,False,nan,nan,nan,False,4.2778174593052025
apt_3,L0,0,2,geometry,False,0,False,False,False,False,False,nan,nan,nan,False,4.2778174593052025
apt_3,L0,0,2,label_only,False,0,False,False,False,False,False,nan,nan,nan,False,4.2778174593052025
apt_3,L0,0,2,pose_only,False,0,True,True,False,False,True,4.2778174593052025,0.5,0.30000000000000004,True,4.2778174593052025
apt_3,L0,0,2,separate,False,0,False,False,False,False,False,nan,nan,nan,False,4.2778174593052025
apt_3,L0,0,2,joint,False,0,False,False,False,False,False,nan,nan,nan,False,4.2778174593052025
apt_3,L0,0,2,oracle,False,0,False,True,False,False,True,4.2778174593052025,0.65,0.30000000000000004,True,4.2778174593052025
apt_3,L0,0,3,uncalibrated,False,0,True,True,True,False,True,5.245584412271572,0.45,0.20615528128088303,False,5.245584412271572
apt_3,L0,0,3,label_cell,False,0,False,False,False,False,False,nan,nan,nan,False,5.245584412271572
apt_3,L0,0,3,geometry,False,0,False,False,False,False,False,nan,nan,nan,False,5.245584412271572
apt_3,L0,0,3,label_only,False,0,False,False,False,False,False,nan,nan,nan,False,5.245584412271572
apt_3,L0,0,3,pose_only,False,0,True,True,True,False,True,5.245584412271572,0.45,0.20615528128088303,False,5.245584412271572
apt_3,L0,0,3,separate,False,0,False,False,False,False,False,nan,nan,nan,False,5.245584412271572
apt_3,L0,0,3,joint,False,0,False,False,False,False,False,nan,nan,nan,False,5.245584412271572
apt_3,L0,0,3,oracle,False,0,False,True,False,False,True,5.245584412271572,0.5024937810560445,0.20615528128088303,True,5.245584412271572
apt_3,L0,0,4,uncalibrated,False,0,True,True,False,False,True,9.451219330881974,0.5024937810560445,0.20615528128088303,True,9.451219330881974
apt_3,L0,0,4,label_cell,False,0,False,False,False,False,False,nan,nan,nan,False,9.451219330881974
apt_3,L0,0,4,geometry,False,0,False,False,False,False,False,nan,nan,nan,False,9.451219330881974
apt_3,L0,0,4,label_only,False,0,False,False,False,False,False,nan,nan,nan,False,9.451219330881974
apt_3,L0,0,4,pose_only,False,0,True,True,False,False,True,9.451219330881974,0.5024937810560445,0.20615528128088303,True,9.451219330881974
apt_3,L0,0,4,separate,False,0,False,False,False,False,False,nan,nan,nan,False,9.451219330881974
apt_3,L0,0,4,joint,False,0,False,False,False,False,False,nan,nan,nan,False,9.451219330881974
apt_3,L0,0,4,oracle,False,0,False,True,False,False,True,9.451219330881974,0.5024937810560445,0.20615528128088303,True,9.451219330881974
apt_3,L0,0,5,uncalibrated,False,0,True,True,False,False,True,9.859797974644668,0.5024937810560445,0.20615528128088303,True,9.859797974644668
apt_3,L0,0,5,label_cell,False,0,False,False,False,False,False,nan,nan,nan,False,9.859797974644668
apt_3,L0,0,5,geometry,False,0,False,False,False,False,False,nan,nan,nan,False,9.859797974644668
apt_3,L0,0,5,label_only,False,0,False,False,False,False,False,nan,nan,nan,False,9.859797974644668
apt_3,L0,0,5,pose_only,False,0,True,True,False,False,True,9.859797974644668,0.5024937810560445,0.20615528128088303,True,9.859797974644668
apt_3,L0,0,5,separate,False,0,False,False,False,False,False,nan,nan,nan,False,9.859797974644668
apt_3,L0,0,5,joint,False,0,False,False,False,False,False,nan,nan,nan,False,9.859797974644668
apt_3,L0,0,5,oracle,False,0,False,True,False,False,True,9.859797974644668,0.5024937810560445,0.20615528128088303,True,9.859797974644668
apt_3,L0,0,6,uncalibrated,False,0,True,True,False,False,True,6.592640687119289,0.5147815070493501,0.20615528128088303,True,6.592640687119289
apt_3,L0,0,6,label_cell,False,0,False,False,False,False,False,nan,nan,nan,False,6.592640687119289
apt_3,L0,0,6,geometry,False,0,False,False,False,False,False,nan,nan,nan,False,6.592640687119289
apt_3,L0,0,6,label_only,False,0,False,False,False,False,False,nan,nan,nan,False,6.592640687119289
apt_3,L0,0,6,pose_only,False,0,True,True,False,False,True,6.592640687119289,0.5147815070493501,0.20615528128088303,True,6.592640687119289
apt_3,L0,0,6,separate,False,0,False,False,False,False,False,nan,nan,nan,False,6.592640687119289
apt_3,L0,0,6,joint,False,0,False,False,False,False,False,nan,nan,nan,False,6.592640687119289
apt_3,L0,0,6,oracle,False,0,False,True,False,False,True,6.592640687119289,0.5147815070493501,0.20615528128088303,True,6.592640687119289
apt_3,L0,0,7,uncalibrated,False,0,True,True,False,False,True,4.5112698372208095,0.5024937810560445,0.20615528128088303,True,4.5112698372208095
apt_3,L0,0,7,label_cell,False,0,False,False,False,False,False,nan,nan,nan,False,4.5112698372208095
apt_3,L0,0,7,geometry,False,0,False,False,False,False,False,nan,nan,nan,False,4.5112698372208095
apt_3,L0,0,7,label_only,False,0,False,False,False,False,False,nan,nan,nan,False,4.5112698372208095
apt_3,L0,0,7,pose_only,False,0,True,True,False,False,True,4.5112698372208095,0.5024937810560445,0.20615528128088303,True,4.5112698372208095
apt_3,L0,0,7,separate,False,0,False,False,False,False,False,nan,nan,nan,False,4.5112698372208095
apt_3,L0,0,7,joint,False,0,False,False,False,False,False,nan,nan,nan,False,4.5112698372208095
apt_3,L0,0,7,oracle,False,0,False,True,False,False,True,4.5112698372208095,0.5024937810560445,0.20615528128088303,True,4.5112698372208095
apt_3,L0,0,8,uncalibrated,False,0,True,True,False,False,True,7.975483399593904,0.5099019513592785,0.20615528128088303,True,7.975483399593904
apt_3,L0,0,8,label_cell,False,0,False,False,False,False,False,nan,nan,nan,False,7.975483399593904
apt_3,L0,0,8,geometry,False,0,False,False,False,False,False,nan,nan,nan,False,7.975483399593904
apt_3,L0,0,8,label_only,False,0,False,False,False,False,False,nan,nan,nan,False,7.975483399593904
apt_3,L0,0,8,pose_only,False,0,True,True,False,False,True,7.975483399593904,0.5099019513592785,0.20615528128088303,True,7.975483399593904
apt_3,L0,0,8,separate,False,0,False,False,False,False,False,nan,nan,nan,False,7.975483399593904
apt_3,L0,0,8,joint,False,0,False,False,False,False,False,nan,nan,nan,False,7.975483399593904
apt_3,L0,0,8,oracle,False,0,False,True,False,False,True,7.975483399593904,0.5099019513592785,0.20615528128088303,True,7.975483399593904
apt_3,L0,0,9,uncalibrated,False,0,True,True,False,False,True,6.3041630560342625,0.65,0.20615528128088303,True,6.3041630560342625
apt_3,L0,0,9,label_cell,False,0,False,False,False,False,False,nan,nan,nan,False,6.3041630560342625
apt_3,L0,0,9,geometry,False,0,False,False,False,False,False,nan,nan,nan,False,6.3041630560342625
apt_3,L0,0,9,label_only,False,0,False,False,False,False,False,nan,nan,nan,False,6.3041630560342625
apt_3,L0,0,9,pose_only,False,0,True,True,False,False,True,6.3041630560342625,0.65,0.20615528128088303,True,6.3041630560342625
apt_3,L0,0,9,separate,False,0,False,False,False,False,False,nan,nan,nan,False,6.3041630560342625
apt_3,L0,0,9,joint,False,0,False,False,False,False,False,nan,nan,nan,False,6.3041630560342625
apt_3,L0,0,9,oracle,False,0,False,True,False,False,True,6.3041630560342625,0.65,0.20615528128088303,True,6.3041630560342625
apt_3,L0,0,10,uncalibrated,False,0,True,True,False,False,True,7.789087296526012,0.9300537618869138,0.20615528128088303,True,7.789087296526012
apt_3,L0,0,10,label_cell,False,0,False,False,False,False,False,nan,nan,nan,False,7.789087296526012
apt_3,L0,0,10,geometry,False,0,False,False,False,False,False,nan,nan,nan,False,7.789087296526012
apt_3,L0,0,10,label_only,False,0,False,False,False,False,False,nan,nan,nan,False,7.789087296526012
apt_3,L0,0,10,pose_only,False,0,True,True,False,False,True,7.789087296526012,0.9300537618869138,0.20615528128088303,True,7.789087296526012
apt_3,L0,0,10,separate,False,0,False,False,False,False,False,nan,nan,nan,False,7.789087296526012
apt_3,L0,0,10,joint,False,0,False,False,False,False,False,nan,nan,nan,False,7.789087296526012
apt_3,L0,0,10,oracle,False,0,False,True,False,False,True,7.789087296526012,0.9300537618869138,0.20615528128088303,True,7.789087296526012
apt_3,L0,0,11,uncalibrated,False,0,True,True,False,False,True,4.010660171779821,0.6000000000000001,0.20615528128088303,True,4.010660171779821
apt_3,L0,0,11,label_cell,False,0,False,False,False,False,False,nan,nan,nan,False,4.010660171779821
apt_3,L0,0,11,geometry,False,0,False,False,False,False,False,nan,nan,nan,False,4.010660171779821
apt_3,L0,0,11,label_only,False,0,False,False,False,False,False,nan,nan,nan,False,4.010660171779821
apt_3,L0,0,11,pose_only,False,0,True,True,False,False,True,4.010660171779821,0.6000000000000001,0.20615528128088303,True,4.010660171779821
apt_3,L0,0,11,separate,False,0,False,False,False,False,False,nan,nan,nan,False,4.010660171779821
apt_3,L0,0,11,joint,False,0,False,False,False,False,False,nan,nan,nan,False,4.010660171779821
apt_3,L0,0,11,oracle,False,0,False,True,False,False,True,4.010660171779821,0.6000000000000001,0.20615528128088303,True,4.010660171779821
apt_3,L0,0,12,uncalibrated,False,0,True,True,True,False,True,5.526955262170048,0.3640054944640259,0.21213203435596426,False,5.526955262170048
apt_3,L0,0,12,label_cell,False,0,False,False,False,False,False,nan,nan,nan,False,5.526955262170048
apt_3,L0,0,12,geometry,False,0,False,False,False,False,False,nan,nan,nan,False,5.526955262170048
apt_3,L0,0,12,label_only,False,0,False,False,False,False,False,nan,nan,nan,False,5.526955262170048
apt_3,L0,0,12,pose_only,False,0,True,True,True,False,True,5.526955262170048,0.3640054944640259,0.21213203435596426,False,5.526955262170048
apt_3,L0,0,12,separate,False,0,False,False,False,False,False,nan,nan,nan,False,5.526955262170048
apt_3,L0,0,12,joint,False,0,False,False,False,False,False,nan,nan,nan,False,5.526955262170048
apt_3,L0,0,12,oracle,False,0,False,True,False,False,True,5.526955262170048,0.5024937810560445,0.21213203435596426,True,5.526955262170048
apt_3,L0,0,13,uncalibrated,False,0,True,True,False,False,True,6.362741699796953,0.8,0.20615528128088303,True,6.362741699796953
apt_3,L0,0,13,label_cell,False,0,False,False,False,False,False,nan,nan,nan,False,6.362741699796953
apt_3,L0,0,13,geometry,False,0,False,False,False,False,False,nan,nan,nan,False,6.362741699796953
apt_3,L0,0,13,label_only,False,0,False,False,False,False,False,nan,nan,nan,False,6.362741699796953
apt_3,L0,0,13,pose_only,False,0,True,True,False,False,True,6.362741699796953,0.8,0.20615528128088303,True,6.362741699796953
apt_3,L0,0,13,separate,False,0,False,False,False,False,False,nan,nan,nan,False,6.362741699796953
apt_3,L0,0,13,joint,False,0,False,False,False,False,False,nan,nan,nan,False,6.362741699796953
apt_3,L0,0,13,oracle,False,0,False,True,False,False,True,6.362741699796953,0.8,0.20615528128088303,True,6.362741699796953
apt_3,L0,0,14,uncalibrated,False,0,True,True,False,False,True,8.191168824543142,0.5024937810560445,0.20615528128088303,True,8.191168824543142
apt_3,L0,0,14,label_cell,False,0,False,False,False,False,False,nan,nan,nan,False,8.191168824543142
apt_3,L0,0,14,geometry,False,0,False,False,False,False,False,nan,nan,nan,False,8.191168824543142
apt_3,L0,0,14,label_only,False,0,False,False,False,False,False,nan,nan,nan,False,8.191168824543142
apt_3,L0,0,14,pose_only,False,0,True,True,False,False,True,8.191168824543142,0.5024937810560445,0.20615528128088303,True,8.191168824543142
apt_3,L0,0,14,separate,False,0,False,False,False,False,False,nan,nan,nan,False,8.191168824543142
apt_3,L0,0,14,joint,False,0,False,False,False,False,False,nan,nan,nan,False,8.191168824543142
apt_3,L0,0,14,oracle,False,0,False,True,False,False,True,8.191168824543142,0.5024937810560445,0.20615528128088303,True,8.191168824543142
apt_3,L0,0,15,uncalibrated,False,0,True,True,False,False,True,8.959797974644667,0.5852349955359814,0.20615528128088303,True,8.959797974644667
apt_3,L0,0,15,label_cell,False,0,False,False,False,False,False,nan,nan,nan,False,8.959797974644667
apt_3,L0,0,15,geometry,False,0,False,False,False,False,False,nan,nan,nan,False,8.959797974644667
apt_3,L0,0,15,label_only,False,0,False,False,False,False,False,nan,nan,nan,False,8.959797974644667
apt_3,L0,0,15,pose_only,False,0,True,True,False,False,True,8.959797974644667,0.5852349955359814,0.20615528128088303,True,8.959797974644667
apt_3,L0,0,15,separate,False,0,False,False,False,False,False,nan,nan,nan,False,8.959797974644667
apt_3,L0,0,15,joint,False,0,False,False,False,False,False,nan,nan,nan,False,8.959797974644667
apt_3,L0,0,15,oracle,False,0,False,True,False,False,True,8.959797974644667,0.5852349955359814,0.20615528128088303,True,8.959797974644667
apt_3,L0,0,16,uncalibrated,False,0,True,True,False,False,True,3.6642135623730954,0.6000000000000001,0.30000000000000004,True,3.6642135623730954
apt_3,L0,0,16,label_cell,False,0,False,False,False,False,False,nan,nan,nan,False,3.6642135623730954
apt_3,L0,0,16,geometry,False,0,False,False,False,False,False,nan,nan,nan,False,3.6642135623730954
apt_3,L0,0,16,label_only,False,0,False,False,False,False,False,nan,nan,nan,False,3.6642135623730954
apt_3,L0,0,16,pose_only,False,0,True,True,False,False,True,3.6642135623730954,0.6000000000000001,0.30000000000000004,True,3.6642135623730954
apt_3,L0,0,16,separate,False,0,False,False,False,False,False,nan,nan,nan,False,3.6642135623730954
apt_3,L0,0,16,joint,False,0,False,False,False,False,False,nan,nan,nan,False,3.6642135623730954
apt_3,L0,0,16,oracle,False,0,False,True,False,False,True,3.6642135623730954,0.6000000000000001,0.30000000000000004,True,3.6642135623730954
apt_3,L0,0,17,uncalibrated,False,0,True,True,True,False,True,5.054163056034262,0.3640054944640259,0.30000000000000004,False,5.054163056034262
apt_3,L0,0,17,label_cell,False,0,False,False,False,False,False,nan,nan,nan,False,5.054163056034262
apt_3,L0,0,17,geometry,False,0,False,False,False,False,False,nan,nan,nan,False,5.054163056034262
apt_3,L0,0,17,label_only,False,0,False,False,False,False,False,nan,nan,nan,False,5.054163056034262
apt_3,L0,0,17,pose_only,False,0,True,True,True,False,True,5.054163056034262,0.3640054944640259,0.30000000000000004,False,5.054163056034262
apt_3,L0,0,17,separate,False,0,False,False,False,False,False,nan,nan,nan,False,5.054163056034262
apt_3,L0,0,17,joint,False,0,False,False,False,False,False,nan,nan,nan,False,5.054163056034262
apt_3,L0,0,17,oracle,False,0,False,True,False,False,True,5.054163056034262,0.5024937810560445,0.30000000000000004,True,5.054163056034262
apt_3,L0,0,18,uncalibrated,False,0,True,True,False,False,True,9.304772721475251,0.5024937810560445,0.20615528128088303,True,9.304772721475251
apt_3,L0,0,18,label_cell,False,0,False,False,False,False,False,nan,nan,nan,False,9.304772721475251
apt_3,L0,0,18,geometry,False,0,False,False,False,False,False,nan,nan,nan,False,9.304772721475251
apt_3,L0,0,18,label_only,False,0,False,False,False,False,False,nan,nan,nan,False,9.304772721475251
apt_3,L0,0,18,pose_only,False,0,True,True,False,False,True,9.304772721475251,0.5024937810560445,0.20615528128088303,True,9.304772721475251
apt_3,L0,0,18,separate,False,0,False,False,False,False,False,nan,nan,nan,False,9.304772721475251
apt_3,L0,0,18,joint,False,0,False,False,False,False,False,nan,nan,nan,False,9.304772721475251
apt_3,L0,0,18,oracle,False,0,False,True,False,False,True,9.304772721475251,0.5024937810560445,0.20615528128088303,True,9.304772721475251
apt_3,L0,0,19,uncalibrated,False,0,True,True,False,False,True,9.892640687119284,0.7106335201775948,0.20615528128088303,True,9.892640687119284
apt_3,L0,0,19,label_cell,False,0,False,False,False,False,False,nan,nan,nan,False,9.892640687119284
apt_3,L0,0,19,geometry,False,0,False,False,False,False,False,nan,nan,nan,False,9.892640687119284
apt_3,L0,0,19,label_only,False,0,False,False,False,False,False,nan,nan,nan,False,9.892640687119284
apt_3,L0,0,19,pose_only,False,0,True,True,False,False,True,9.892640687119284,0.7106335201775948,0.20615528128088303,True,9.892640687119284
apt_3,L0,0,19,separate,False,0,False,False,False,False,False,nan,nan,nan,False,9.892640687119284
apt_3,L0,0,19,joint,False,0,False,False,False,False,False,nan,nan,nan,False,9.892640687119284
apt_3,L0,0,19,oracle,False,0,False,True,False,False,True,9.892640687119284,0.7106335201775948,0.20615528128088303,True,9.892640687119284
apt_3,VO2,0,6,uncalibrated,False,0,False,False,False,False,False,nan,nan,nan,False,6.556244584051395
apt_3,VO2,0,6,label_cell,False,0,False,False,False,False,False,nan,nan,nan,False,6.556244584051395
apt_3,VO2,0,6,geometry,False,0,False,False,False,False,False,nan,nan,nan,False,6.556244584051395
apt_3,VO2,0,6,label_only,False,0,False,False,False,False,False,nan,nan,nan,False,6.556244584051395
apt_3,VO2,0,6,pose_only,False,0,False,False,False,False,False,nan,nan,nan,False,6.556244584051395
apt_3,VO2,0,6,separate,False,0,False,False,False,False,False,nan,nan,nan,False,6.556244584051395
apt_3,VO2,0,6,joint,False,0,False,False,False,False,False,nan,nan,nan,False,6.556244584051395
apt_3,VO2,0,6,oracle,False,0,False,True,False,False,True,6.556244584051395,0.9394147114027969,0.20615528128088303,True,6.556244584051395
apt_3,VO2,0,7,uncalibrated,False,0,False,False,False,False,False,nan,nan,nan,False,4.617766952966369
apt_3,VO2,0,7,label_cell,False,0,False,False,False,False,False,nan,nan,nan,False,4.617766952966369
apt_3,VO2,0,7,geometry,False,0,False,False,False,False,False,nan,nan,nan,False,4.617766952966369
apt_3,VO2,0,7,label_only,False,0,False,False,False,False,False,nan,nan,nan,False,4.617766952966369
apt_3,VO2,0,7,pose_only,False,0,False,False,False,False,False,nan,nan,nan,False,4.617766952966369
apt_3,VO2,0,7,separate,False,0,False,False,False,False,False,nan,nan,nan,False,4.617766952966369
apt_3,VO2,0,7,joint,False,0,False,False,False,False,False,nan,nan,nan,False,4.617766952966369
apt_3,VO2,0,7,oracle,False,0,False,True,False,False,True,4.617766952966369,0.55,0.20615528128088303,True,4.617766952966369
apt_3,VO2,0,8,uncalibrated,False,0,False,False,False,False,False,nan,nan,nan,False,7.849747468305835
apt_3,VO2,0,8,label_cell,False,0,False,False,False,False,False,nan,nan,nan,False,7.849747468305835
apt_3,VO2,0,8,geometry,False,0,False,False,False,False,False,nan,nan,nan,False,7.849747468305835
apt_3,VO2,0,8,label_only,False,0,False,False,False,False,False,nan,nan,nan,False,7.849747468305835
apt_3,VO2,0,8,pose_only,False,0,False,False,False,False,False,nan,nan,nan,False,7.849747468305835
apt_3,VO2,0,8,separate,False,0,False,False,False,False,False,nan,nan,nan,False,7.849747468305835
apt_3,VO2,0,8,joint,False,0,False,False,False,False,False,nan,nan,nan,False,7.849747468305835
apt_3,VO2,0,8,oracle,False,0,False,True,False,False,True,7.849747468305835,0.9394147114027969,0.20615528128088303,True,7.849747468305835
apt_3,VO2,0,11,uncalibrated,False,0,False,False,False,False,False,nan,nan,nan,False,4.0298989873223325
apt_3,VO2,0,11,label_cell,False,0,False,False,False,False,False,nan,nan,nan,False,4.0298989873223325
apt_3,VO2,0,11,geometry,False,0,False,False,False,False,False,nan,nan,nan,False,4.0298989873223325
apt_3,VO2,0,11,label_only,False,0,False,False,False,False,False,nan,nan,nan,False,4.0298989873223325
apt_3,VO2,0,11,pose_only,False,0,False,False,False,False,False,nan,nan,nan,False,4.0298989873223325
apt_3,VO2,0,11,separate,False,0,False,False,False,False,False,nan,nan,nan,False,4.0298989873223325
apt_3,VO2,0,11,joint,False,0,False,False,False,False,False,nan,nan,nan,False,4.0298989873223325
apt_3,VO2,0,11,oracle,False,0,False,True,False,False,True,4.0298989873223325,0.6726812023536856,0.25,True,4.0298989873223325
apt_3,SLAM2,0,0,uncalibrated,False,0,False,False,False,False,False,nan,nan,nan,False,5.017766952966369
apt_3,SLAM2,0,0,label_cell,False,0,False,False,False,False,False,nan,nan,nan,False,5.017766952966369
apt_3,SLAM2,0,0,geometry,False,0,False,False,False,False,False,nan,nan,nan,False,5.017766952966369
apt_3,SLAM2,0,0,label_only,False,0,False,False,False,False,False,nan,nan,nan,False,5.017766952966369
apt_3,SLAM2,0,0,pose_only,False,0,False,False,False,False,False,nan,nan,nan,False,5.017766952966369
apt_3,SLAM2,0,0,separate,False,0,False,False,False,False,False,nan,nan,nan,False,5.017766952966369
apt_3,SLAM2,0,0,joint,False,0,False,False,False,False,False,nan,nan,nan,False,5.017766952966369
apt_3,SLAM2,0,0,oracle,False,0,False,True,False,False,True,5.017766952966369,0.5024937810560445,0.20615528128088303,True,5.017766952966369
apt_3,SLAM2,0,1,uncalibrated,False,0,False,False,False,False,False,nan,nan,nan,False,4.714213562373096
apt_3,SLAM2,0,1,label_cell,False,0,False,False,False,False,False,nan,nan,nan,False,4.714213562373096
apt_3,SLAM2,0,1,geometry,False,0,False,False,False,False,False,nan,nan,nan,False,4.714213562373096
apt_3,SLAM2,0,1,label_only,False,0,False,False,False,False,False,nan,nan,nan,False,4.714213562373096
apt_3,SLAM2,0,1,pose_only,False,0,False,False,False,False,False,nan,nan,nan,False,4.714213562373096
apt_3,SLAM2,0,1,separate,False,0,False,False,False,False,False,nan,nan,nan,False,4.714213562373096
apt_3,SLAM2,0,1,joint,False,0,False,False,False,False,False,nan,nan,nan,False,4.714213562373096
apt_3,SLAM2,0,1,oracle,False,0,False,True,False,False,True,4.714213562373096,0.7648529270389178,0.20615528128088303,True,4.714213562373096
apt_3,SLAM2,0,2,uncalibrated,False,0,False,False,False,False,False,nan,nan,nan,False,4.2819805153394634
apt_3,SLAM2,0,2,label_cell,False,0,False,False,False,False,False,nan,nan,nan,False,4.2819805153394634
apt_3,SLAM2,0,2,geometry,False,0,False,False,False,False,False,nan,nan,nan,False,4.2819805153394634
apt_3,SLAM2,0,2,label_only,False,0,False,False,False,False,False,nan,nan,nan,False,4.2819805153394634
apt_3,SLAM2,0,2,pose_only,False,0,False,False,False,False,False,nan,nan,nan,False,4.2819805153394634
apt_3,SLAM2,0,2,separate,False,0,False,False,False,False,False,nan,nan,nan,False,4.2819805153394634
apt_3,SLAM2,0,2,joint,False,0,False,False,False,False,False,nan,nan,nan,False,4.2819805153394634
apt_3,SLAM2,0,2,oracle,False,0,False,True,False,False,True,4.2819805153394634,0.5656854249492381,0.20615528128088303,True,4.2819805153394634
apt_3,SLAM2,0,3,uncalibrated,False,0,False,False,False,False,False,nan,nan,nan,False,5.162741699796952
apt_3,SLAM2,0,3,label_cell,False,0,False,False,False,False,False,nan,nan,nan,False,5.162741699796952
apt_3,SLAM2,0,3,geometry,False,0,False,False,False,False,False,nan,nan,nan,False,5.162741699796952
apt_3,SLAM2,0,3,label_only,False,0,False,False,False,False,False,nan,nan,nan,False,5.162741699796952
apt_3,SLAM2,0,3,pose_only,False,0,False,False,False,False,False,nan,nan,nan,False,5.162741699796952
apt_3,SLAM2,0,3,separate,False,0,False,False,False,False,False,nan,nan,nan,False,5.162741699796952
apt_3,SLAM2,0,3,joint,False,0,False,False,False,False,False,nan,nan,nan,False,5.162741699796952
apt_3,SLAM2,0,3,oracle,False,0,False,True,False,False,True,5.162741699796952,0.5024937810560445,0.20615528128088303,True,5.162741699796952
apt_3,SLAM2,0,4,uncalibrated,False,0,False,False,False,False,False,nan,nan,nan,False,9.514823227814084
apt_3,SLAM2,0,4,label_cell,False,0,False,False,False,False,False,nan,nan,nan,False,9.514823227814084
apt_3,SLAM2,0,4,geometry,False,0,False,False,False,False,False,nan,nan,nan,False,9.514823227814084
apt_3,SLAM2,0,4,label_only,False,0,False,False,False,False,False,nan,nan,nan,False,9.514823227814084
apt_3,SLAM2,0,4,pose_only,False,0,False,False,False,False,False,nan,nan,nan,False,9.514823227814084
apt_3,SLAM2,0,4,separate,False,0,False,False,False,False,False,nan,nan,nan,False,9.514823227814084
apt_3,SLAM2,0,4,joint,False,0,False,False,False,False,False,nan,nan,nan,False,9.514823227814084
apt_3,SLAM2,0,4,oracle,False,0,False,True,False,False,True,9.514823227814084,0.9,0.20615528128088303,True,9.514823227814084
apt_3,SLAM2,0,5,uncalibrated,False,0,False,False,False,False,False,nan,nan,nan,False,9.95477272147525
apt_3,SLAM2,0,5,label_cell,False,0,False,False,False,False,False,nan,nan,nan,False,9.95477272147525
apt_3,SLAM2,0,5,geometry,False,0,False,False,False,False,False,nan,nan,nan,False,9.95477272147525
apt_3,SLAM2,0,5,label_only,False,0,False,False,False,False,False,nan,nan,nan,False,9.95477272147525
apt_3,SLAM2,0,5,pose_only,False,0,False,False,False,False,False,nan,nan,nan,False,9.95477272147525
apt_3,SLAM2,0,5,separate,False,0,False,False,False,False,False,nan,nan,nan,False,9.95477272147525
apt_3,SLAM2,0,5,joint,False,0,False,False,False,False,False,nan,nan,nan,False,9.95477272147525
apt_3,SLAM2,0,5,oracle,False,0,False,True,False,False,True,9.95477272147525,0.9,0.20615528128088303,True,9.95477272147525
apt_3,SLAM2,0,6,uncalibrated,False,0,False,False,False,False,False,nan,nan,nan,False,6.579898987322334
apt_3,SLAM2,0,6,label_cell,False,0,False,False,False,False,False,nan,nan,nan,False,6.579898987322334
apt_3,SLAM2,0,6,geometry,False,0,False,False,False,False,False,nan,nan,nan,False,6.579898987322334
apt_3,SLAM2,0,6,label_only,False,0,False,False,False,False,False,nan,nan,nan,False,6.579898987322334
apt_3,SLAM2,0,6,pose_only,False,0,False,False,False,False,False,nan,nan,nan,False,6.579898987322334
apt_3,SLAM2,0,6,separate,False,0,False,False,False,False,False,nan,nan,nan,False,6.579898987322334
apt_3,SLAM2,0,6,joint,False,0,False,False,False,False,False,nan,nan,nan,False,6.579898987322334
apt_3,SLAM2,0,6,oracle,False,0,False,True,False,False,True,6.579898987322334,0.9,0.20615528128088303,True,6.579898987322334
apt_3,SLAM2,0,7,uncalibrated,False,0,False,False,False,False,False,nan,nan,nan,False,4.4713203435596425
apt_3,SLAM2,0,7,label_cell,False,0,False,False,False,False,False,nan,nan,nan,False,4.4713203435596425
apt_3,SLAM2,0,7,geometry,False,0,False,False,False,False,False,nan,nan,nan,False,4.4713203435596425
apt_3,SLAM2,0,7,label_only,False,0,False,False,False,False,False,nan,nan,nan,False,4.4713203435596425
apt_3,SLAM2,0,7,pose_only,False,0,False,False,False,False,False,nan,nan,nan,False,4.4713203435596425
apt_3,SLAM2,0,7,separate,False,0,False,False,False,False,False,nan,nan,nan,False,4.4713203435596425
apt_3,SLAM2,0,7,joint,False,0,False,False,False,False,False,nan,nan,nan,False,4.4713203435596425
apt_3,SLAM2,0,7,oracle,False,0,False,True,False,False,True,4.4713203435596425,0.5024937810560445,0.21213203435596426,True,4.4713203435596425
apt_3,SLAM2,0,8,uncalibrated,False,0,False,False,False,False,False,nan,nan,nan,False,7.829898987322334
apt_3,SLAM2,0,8,label_cell,False,0,False,False,False,False,False,nan,nan,nan,False,7.829898987322334
apt_3,SLAM2,0,8,geometry,False,0,False,False,False,False,False,nan,nan,nan,False,7.829898987322334
apt_3,SLAM2,0,8,label_only,False,0,False,False,False,False,False,nan,nan,nan,False,7.829898987322334
apt_3,SLAM2,0,8,pose_only,False,0,False,False,False,False,False,nan,nan,nan,False,7.829898987322334
apt_3,SLAM2,0,8,separate,False,0,False,False,False,False,False,nan,nan,nan,False,7.829898987322334
apt_3,SLAM2,0,8,joint,False,0,False,False,False,False,False,nan,nan,nan,False,7.829898987322334
apt_3,SLAM2,0,8,oracle,False,0,False,True,False,False,True,7.829898987322334,0.9,0.20615528128088303,True,7.829898987322334
apt_3,SLAM2,0,9,uncalibrated,False,0,False,False,False,False,False,nan,nan,nan,False,6.199137802864846
apt_3,SLAM2,0,9,label_cell,False,0,False,False,False,False,False,nan,nan,nan,False,6.199137802864846
apt_3,SLAM2,0,9,geometry,False,0,False,False,False,False,False,nan,nan,nan,False,6.199137802864846
apt_3,SLAM2,0,9,label_only,False,0,False,False,False,False,False,nan,nan,nan,False,6.199137802864846
apt_3,SLAM2,0,9,pose_only,False,0,False,False,False,False,False,nan,nan,nan,False,6.199137802864846
apt_3,SLAM2,0,9,separate,False,0,False,False,False,False,False,nan,nan,nan,False,6.199137802864846
apt_3,SLAM2,0,9,joint,False,0,False,False,False,False,False,nan,nan,nan,False,6.199137802864846
apt_3,SLAM2,0,9,oracle,False,0,False,True,False,False,True,6.199137802864846,0.75,0.20615528128088303,True,6.199137802864846
apt_3,SLAM2,0,10,uncalibrated,False,0,False,False,False,False,False,nan,nan,nan,False,7.819848480983501
apt_3,SLAM2,0,10,label_cell,False,0,False,False,False,False,False,nan,nan,nan,False,7.819848480983501
apt_3,SLAM2,0,10,geometry,False,0,False,False,False,False,False,nan,nan,nan,False,7.819848480983501
apt_3,SLAM2,0,10,label_only,False,0,False,False,False,False,False,nan,nan,nan,False,7.819848480983501
apt_3,SLAM2,0,10,pose_only,False,0,False,False,False,False,False,nan,nan,nan,False,7.819848480983501
apt_3,SLAM2,0,10,separate,False,0,False,False,False,False,False,nan,nan,nan,False,7.819848480983501
apt_3,SLAM2,0,10,joint,False,0,False,False,False,False,False,nan,nan,nan,False,7.819848480983501
apt_3,SLAM2,0,10,oracle,False,0,False,True,False,False,True,7.819848480983501,0.7000000000000001,0.20615528128088303,True,7.819848480983501
apt_3,SLAM2,0,11,uncalibrated,False,0,False,False,False,False,False,nan,nan,nan,False,3.9026911934581188
apt_3,SLAM2,0,11,label_cell,False,0,False,False,False,False,False,nan,nan,nan,False,3.9026911934581188
apt_3,SLAM2,0,11,geometry,False,0,False,False,False,False,False,nan,nan,nan,False,3.9026911934581188
apt_3,SLAM2,0,11,label_only,False,0,False,False,False,False,False,nan,nan,nan,False,3.9026911934581188
apt_3,SLAM2,0,11,pose_only,False,0,False,False,False,False,False,nan,nan,nan,False,3.9026911934581188
apt_3,SLAM2,0,11,separate,False,0,False,False,False,False,False,nan,nan,nan,False,3.9026911934581188
apt_3,SLAM2,0,11,joint,False,0,False,False,False,False,False,nan,nan,nan,False,3.9026911934581188
apt_3,SLAM2,0,11,oracle,False,0,False,True,False,False,True,3.9026911934581188,0.5656854249492381,0.20615528128088303,True,3.9026911934581188
apt_3,SLAM2,0,12,uncalibrated,False,0,False,False,False,False,False,nan,nan,nan,False,5.421320343559644
apt_3,SLAM2,0,12,label_cell,False,0,False,False,False,False,False,nan,nan,nan,False,5.421320343559644
apt_3,SLAM2,0,12,geometry,False,0,False,False,False,False,False,nan,nan,nan,False,5.421320343559644
apt_3,SLAM2,0,12,label_only,False,0,False,False,False,False,False,nan,nan,nan,False,5.421320343559644
apt_3,SLAM2,0,12,pose_only,False,0,False,False,False,False,False,nan,nan,nan,False,5.421320343559644
apt_3,SLAM2,0,12,separate,False,0,False,False,False,False,False,nan,nan,nan,False,5.421320343559644
apt_3,SLAM2,0,12,joint,False,0,False,False,False,False,False,nan,nan,nan,False,5.421320343559644
apt_3,SLAM2,0,12,oracle,False,0,False,True,False,False,True,5.421320343559644,0.5147815070493501,0.20615528128088303,True,5.421320343559644
apt_3,SLAM2,0,13,uncalibrated,False,0,False,False,False,False,False,nan,nan,nan,False,6.237005768508881
apt_3,SLAM2,0,13,label_cell,False,0,False,False,False,False,False,nan,nan,nan,False,6.237005768508881
apt_3,SLAM2,0,13,geometry,False,0,False,False,False,False,False,nan,nan,nan,False,6.237005768508881
apt_3,SLAM2,0,13,label_only,False,0,False,False,False,False,False,nan,nan,nan,False,6.237005768508881
apt_3,SLAM2,0,13,pose_only,False,0,False,False,False,False,False,nan,nan,nan,False,6.237005768508881
apt_3,SLAM2,0,13,separate,False,0,False,False,False,False,False,nan,nan,nan,False,6.237005768508881
apt_3,SLAM2,0,13,joint,False,0,False,False,False,False,False,nan,nan,nan,False,6.237005768508881
apt_3,SLAM2,0,13,oracle,False,0,False,True,False,False,True,6.237005768508881,0.8,0.20615528128088303,True,6.237005768508881
apt_3,SLAM2,0,14,uncalibrated,False,0,False,False,False,False,False,nan,nan,nan,False,8.183452377915607
apt_3,SLAM2,0,14,label_cell,False,0,False,False,False,False,False,nan,nan,nan,False,8.183452377915607
apt_3,SLAM2,0,14,geometry,False,0,False,False,False,False,False,nan,nan,nan,False,8.183452377915607
apt_3,SLAM2,0,14,label_only,False,0,False,False,False,False,False,nan,nan,nan,False,8.183452377915607
apt_3,SLAM2,0,14,pose_only,False,0,False,False,False,False,False,nan,nan,nan,False,8.183452377915607
apt_3,SLAM2,0,14,separate,False,0,False,False,False,False,False,nan,nan,nan,False,8.183452377915607
apt_3,SLAM2,0,14,joint,False,0,False,False,False,False,False,nan,nan,nan,False,8.183452377915607
apt_3,SLAM2,0,14,oracle,False,0,False,True,False,False,True,8.183452377915607,0.9,0.20615528128088303,True,8.183452377915607
apt_3,SLAM2,0,15,uncalibrated,False,0,False,False,False,False,False,nan,nan,nan,False,9.023401871576775
apt_3,SLAM2,0,15,label_cell,False,0,False,False,False,False,False,nan,nan,nan,False,9.023401871576775
apt_3,SLAM2,0,15,geometry,False,0,False,False,False,False,False,nan,nan,nan,False,9.023401871576775
apt_3,SLAM2,0,15,label_only,False,0,False,False,False,False,False,nan,nan,nan,False,9.023401871576775
apt_3,SLAM2,0,15,pose_only,False,0,False,False,False,False,False,nan,nan,nan,False,9.023401871576775
apt_3,SLAM2,0,15,separate,False,0,False,False,False,False,False,nan,nan,nan,False,9.023401871576775
apt_3,SLAM2,0,15,joint,False,0,False,False,False,False,False,nan,nan,nan,False,9.023401871576775
apt_3,SLAM2,0,15,oracle,False,0,False,True,False,False,True,9.023401871576775,0.8062257748298549,0.20615528128088303,True,9.023401871576775
apt_3,SLAM2,0,16,uncalibrated,False,0,False,False,False,False,False,nan,nan,nan,False,3.5870057685088805
apt_3,SLAM2,0,16,label_cell,False,0,False,False,False,False,False,nan,nan,nan,False,3.5870057685088805
apt_3,SLAM2,0,16,geometry,False,0,False,False,False,False,False,nan,nan,nan,False,3.5870057685088805
apt_3,SLAM2,0,16,label_only,False,0,False,False,False,False,False,nan,nan,nan,False,3.5870057685088805
apt_3,SLAM2,0,16,pose_only,False,0,False,False,False,False,False,nan,nan,nan,False,3.5870057685088805
apt_3,SLAM2,0,16,separate,False,0,False,False,False,False,False,nan,nan,nan,False,3.5870057685088805
apt_3,SLAM2,0,16,joint,False,0,False,False,False,False,False,nan,nan,nan,False,3.5870057685088805
apt_3,SLAM2,0,16,oracle,False,0,False,True,False,False,True,3.5870057685088805,0.5024937810560445,0.223606797749979,True,3.5870057685088805
apt_3,SLAM2,0,17,uncalibrated,False,0,False,False,False,False,False,nan,nan,nan,False,4.892031021678298
apt_3,SLAM2,0,17,label_cell,False,0,False,False,False,False,False,nan,nan,nan,False,4.892031021678298
apt_3,SLAM2,0,17,geometry,False,0,False,False,False,False,False,nan,nan,nan,False,4.892031021678298
apt_3,SLAM2,0,17,label_only,False,0,False,False,False,False,False,nan,nan,nan,False,4.892031021678298
apt_3,SLAM2,0,17,pose_only,False,0,False,False,False,False,False,nan,nan,nan,False,4.892031021678298
apt_3,SLAM2,0,17,separate,False,0,False,False,False,False,False,nan,nan,nan,False,4.892031021678298
apt_3,SLAM2,0,17,joint,False,0,False,False,False,False,False,nan,nan,nan,False,4.892031021678298
apt_3,SLAM2,0,17,oracle,False,0,False,True,False,False,True,4.892031021678298,0.5024937810560445,0.28284271247461906,True,4.892031021678298
apt_3,SLAM2,0,18,uncalibrated,False,0,False,False,False,False,False,nan,nan,nan,False,9.244112549695428
apt_3,SLAM2,0,18,label_cell,False,0,False,False,False,False,False,nan,nan,nan,False,9.244112549695428
apt_3,SLAM2,0,18,geometry,False,0,False,False,False,False,False,nan,nan,nan,False,9.244112549695428
apt_3,SLAM2,0,18,label_only,False,0,False,False,False,False,False,nan,nan,nan,False,9.244112549695428
apt_3,SLAM2,0,18,pose_only,False,0,False,False,False,False,False,nan,nan,nan,False,9.244112549695428
apt_3,SLAM2,0,18,separate,False,0,False,False,False,False,False,nan,nan,nan,False,9.244112549695428
apt_3,SLAM2,0,18,joint,False,0,False,False,False,False,False,nan,nan,nan,False,9.244112549695428
apt_3,SLAM2,0,18,oracle,False,0,False,True,False,False,True,9.244112549695428,0.9,0.20615528128088303,True,9.244112549695428
apt_3,SLAM2,0,19,uncalibrated,False,0,False,False,False,False,False,nan,nan,nan,False,9.892640687119286
apt_3,SLAM2,0,19,label_cell,False,0,False,False,False,False,False,nan,nan,nan,False,9.892640687119286
apt_3,SLAM2,0,19,geometry,False,0,False,False,False,False,False,nan,nan,nan,False,9.892640687119286
apt_3,SLAM2,0,19,label_only,False,0,False,False,False,False,False,nan,nan,nan,False,9.892640687119286
apt_3,SLAM2,0,19,pose_only,False,0,False,False,False,False,False,nan,nan,nan,False,9.892640687119286
apt_3,SLAM2,0,19,separate,False,0,False,False,False,False,False,nan,nan,nan,False,9.892640687119286
apt_3,SLAM2,0,19,joint,False,0,False,False,False,False,False,nan,nan,nan,False,9.892640687119286
apt_3,SLAM2,0,19,oracle,False,0,False,True,False,False,True,9.892640687119286,0.9,0.20615528128088303,True,9.892640687119286
