scene,level,seed,ate,endpoint_drift,n_ent_indoor_plant,label_score_indoor_plant,miss_gtlab_indoor_plant,miss_pred_indoor_plant_0.00,miss_pred_indoor_plant_0.01,miss_pred_indoor_plant_0.02,miss_pred_indoor_plant_0.03,miss_pred_indoor_plant_0.04,miss_pred_indoor_plant_0.05,miss_pred_indoor_plant_0.06,miss_pred_indoor_plant_0.07,miss_pred_indoor_plant_0.08,miss_pred_indoor_plant_0.09,miss_pred_indoor_plant_0.10,miss_pred_indoor_plant_0.11,miss_pred_indoor_plant_0.12,miss_pred_indoor_plant_0.13,miss_pred_indoor_plant_0.14,miss_pred_indoor_plant_0.15,miss_pred_indoor_plant_0.16,miss_pred_indoor_plant_0.17,miss_pred_indoor_plant_0.18,miss_pred_indoor_plant_0.19,miss_pred_indoor_plant_0.20,miss_pred_indoor_plant_0.21,miss_pred_indoor_plant_0.22,miss_pred_indoor_plant_0.23,miss_pred_indoor_plant_0.24,miss_pred_indoor_plant_0.25,miss_pred_indoor_plant_0.26,miss_pred_indoor_plant_0.27,miss_pred_indoor_plant_0.28,miss_pred_indoor_plant_0.29,miss_pred_indoor_plant_0.30,miss_pred_indoor_plant_0.31,miss_pred_indoor_plant_0.32,miss_pred_indoor_plant_0.33,miss_pred_indoor_plant_0.34,miss_pred_indoor_plant_0.35,miss_pred_indoor_plant_0.36,miss_pred_indoor_plant_0.37,miss_pred_indoor_plant_0.38,miss_pred_indoor_plant_0.39,miss_pred_indoor_plant_0.40,miss_pred_indoor_plant_0.41,miss_pred_indoor_plant_0.42,miss_pred_indoor_plant_0.43,miss_pred_indoor_plant_0.44,miss_pred_indoor_plant_0.45,miss_pred_indoor_plant_0.46,miss_pred_indoor_plant_0.47,miss_pred_indoor_plant_0.48,miss_pred_indoor_plant_0.49,miss_pred_indoor_plant_0.50,n_ent_tv_stand,label_score_tv_stand,miss_gtlab_tv_stand,miss_pred_tv_stand_0.00,miss_pred_tv_stand_0.01,miss_pred_tv_stand_0.02,miss_pred_tv_stand_0.03,miss_pred_tv_stand_0.04,miss_pred_tv_stand_0.05,miss_pred_tv_stand_0.06,miss_pred_tv_stand_0.07,miss_pred_tv_stand_0.08,miss_pred_tv_stand_0.09,miss_pred_tv_stand_0.10,miss_pred_tv_stand_0.11,miss_pred_tv_stand_0.12,miss_pred_tv_stand_0.13,miss_pred_tv_stand_0.14,miss_pred_tv_stand_0.15,miss_pred_tv_stand_0.16,miss_pred_tv_stand_0.17,miss_pred_tv_stand_0.18,miss_pred_tv_stand_0.19,miss_pred_tv_stand_0.20,miss_pred_tv_stand_0.21,miss_pred_tv_stand_0.22,miss_pred_tv_stand_0.23,miss_pred_tv_stand_0.24,miss_pred_tv_stand_0.25,miss_pred_tv_stand_0.26,miss_pred_tv_stand_0.27,miss_pred_tv_stand_0.28,miss_pred_tv_stand_0.29,miss_pred_tv_stand_0.30,miss_pred_tv_stand_0.31,miss_pred_tv_stand_0.32,miss_pred_tv_stand_0.33,miss_pred_tv_stand_0.34,miss_pred_tv_stand_0.35,miss_pred_tv_stand_0.36,miss_pred_tv_stand_0.37,miss_pred_tv_stand_0.38,miss_pred_tv_stand_0.39,miss_pred_tv_stand_0.40,miss_pred_tv_stand_0.41,miss_pred_tv_stand_0.42,miss_pred_tv_stand_0.43,miss_pred_tv_stand_0.44,miss_pred_tv_stand_0.45,miss_pred_tv_stand_0.46,miss_pred_tv_stand_0.47,miss_pred_tv_stand_0.48,miss_pred_tv_stand_0.49,miss_pred_tv_stand_0.50,n_ent_bike,label_score_bike,miss_gtlab_bike,miss_pred_bike_0.00,miss_pred_bike_0.01,miss_pred_bike_0.02,miss_pred_bike_0.03,miss_pred_bike_0.04,miss_pred_bike_0.05,miss_pred_bike_0.06,miss_pred_bike_0.07,miss_pred_bike_0.08,miss_pred_bike_0.09,miss_pred_bike_0.10,miss_pred_bike_0.11,miss_pred_bike_0.12,miss_pred_bike_0.13,miss_pred_bike_0.14,miss_pred_bike_0.15,miss_pred_bike_0.16,miss_pred_bike_0.17,miss_pred_bike_0.18,miss_pred_bike_0.19,miss_pred_bike_0.20,miss_pred_bike_0.21,miss_pred_bike_0.22,miss_pred_bike_0.23,miss_pred_bike_0.24,miss_pred_bike_0.25,miss_pred_bike_0.26,miss_pred_bike_0.27,miss_pred_bike_0.28,miss_pred_bike_0.29,miss_pred_bike_0.30,miss_pred_bike_0.31,miss_pred_bike_0.32,miss_pred_bike_0.33,miss_pred_bike_0.34,miss_pred_bike_0.35,miss_pred_bike_0.36,miss_pred_bike_0.37,miss_pred_bike_0.38,miss_pred_bike_0.39,miss_pred_bike_0.40,miss_pred_bike_0.41,miss_pred_bike_0.42,miss_pred_bike_0.43,miss_pred_bike_0.44,miss_pred_bike_0.45,miss_pred_bike_0.46,miss_pred_bike_0.47,miss_pred_bike_0.48,miss_pred_bike_0.49,miss_pred_bike_0.50
v3_sc3_staging_08,L0,0,1.7858644108916795e-14,1.5879269022745697e-15,2,1.0,0.0,0.0,0.3905124837953327,0.3905124837953327,0.3905124837953327,0.3905124837953327,0.3905124837953327,0.3905124837953327,0.3905124837953327,0.3905124837953327,3.0,3.0,3.0,3.0,3.0,3.0,3.0,3.0,3.0,3.0,3.0,3.0,3.0,3.0,3.0,3.0,3.0,3.0,3.0,3.0,3.0,3.0,3.0,3.0,3.0,3.0,3.0,3.0,3.0,3.0,3.0,3.0,3.0,3.0,3.0,3.0,3.0,3.0,3.0,3.0,3.0,3.0,1,0.8419189453125,0.0,0.0,0.0,0.0,0.0,0.0,0.0,0.0,0.0,0.0,0.0,0.0,0.0,0.0,0.0,0.0,0.0,0.05,0.05,0.05,0.05,0.05,0.07071067811865477,0.07071067811865477,0.07071067811865477,0.07071067811865477,0.07071067811865477,0.07071067811865477,0.07071067811865477,0.07071067811865477,0.07071067811865477,0.07071067811865477,0.07071067811865477,0.07071067811865477,0.07071067811865477,0.07071067811865477,0.1,0.1,0.1,0.1,0.1118033988749895,0.158113883008419,0.18027756377319948,0.25,0.25495097567963926,0.30000000000000004,0.6363961030678928,3.0,3.0,3.0,3.0,3.0,1,1.0,0.0,0.0,0.05,0.05,0.05,0.05,0.05,0.05,0.05,0.05,0.05,0.05,0.05,0.05,0.05,0.05,0.05,0.05,0.05,0.05,0.05,0.05,0.05,0.07071067811865477,0.07071067811865477,0.07071067811865477,0.07071067811865477,0.07071067811865477,0.07071067811865477,0.07071067811865477,0.07071067811865477,0.07071067811865477,0.1,0.1,0.1,0.1,0.1,0.1,0.1,0.1,0.1,0.1118033988749895,0.1118033988749895,0.1118033988749895,0.1118033988749895,0.1118033988749895,0.1118033988749895,0.1118033988749895,0.14142135623730953,0.14142135623730953,0.25,0.25
v3_sc3_staging_08,L1,0,0.0016359736339761476,0.0003411905511096253,2,1.0,0.0,0.0,0.3905124837953327,0.3905124837953327,0.3905124837953327,0.3905124837953327,0.3905124837953327,0.3905124837953327,0.3905124837953327,3.0,3.0,3.0,3.0,3.0,3.0,3.0,3.0,3.0,3.0,3.0,3.0,3.0,3.0,3.0,3.0,3.0,3.0,3.0,3.0,3.0,3.0,3.0,3.0,3.0,3.0,3.0,3.0,3.0,3.0,3.0,3.0,3.0,3.0,3.0,3.0,3.0,3.0,3.0,3.0,3.0,3.0,3.0,1,2.0,0.05,0.05,0.05,0.05,0.05,0.05,0.05,0.05,0.05,0.05,0.05,0.05,0.05,0.05,0.05,0.05,0.05,0.05,0.05,0.05,0.05,0.05,0.07071067811865477,0.07071067811865477,0.07071067811865477,0.07071067811865477,0.07071067811865477,0.07071067811865477,0.07071067811865477,0.07071067811865477,0.07071067811865477,0.07071067811865477,0.07071067811865477,0.07071067811865477,0.07071067811865477,0.1,0.1,0.1,0.1,0.1,0.1118033988749895,0.15000000000000002,0.158113883008419,0.25,0.316227766016838,0.316227766016838,0.6363961030678928,3.0,3.0,3.0,3.0,3.0,1,2.0,0.05,0.05,0.05,0.05,0.05,0.05,0.05,0.05,0.05,0.05,0.05,0.05,0.05,0.05,0.05,0.05,0.05,0.05,0.05,0.05,0.05,0.05,0.05,0.07071067811865477,0.07071067811865477,0.07071067811865477,0.07071067811865477,0.07071067811865477,0.07071067811865477,0.1,0.1,0.1,0.1,0.1,0.1,0.1,0.1,0.1,0.1118033988749895,0.1118033988749895,0.1118033988749895,0.1118033988749895,0.1118033988749895,0.1118033988749895,0.1118033988749895,0.14142135623730953,0.14142135623730953,0.14142135623730953,0.25495097567963926,0.25495097567963926,0.25495097567963926,0.25495097567963926
v3_sc3_staging_08,L1,1,0.001995927148002959,0.00019026249782418868,2,2.0,0.05,0.05,0.3535533905932738,0.3535533905932738,0.3535533905932738,0.3535533905932738,0.3535533905932738,0.3535533905932738,0.3535533905932738,0.3535533905932738,3.0,3.0,3.0,3.0,3.0,3.0,3.0,3.0,3.0,3.0,3.0,3.0,3.0,3.0,3.0,3.0,3.0,3.0,3.0,3.0,3.0,3.0,3.0,3.0,3.0,3.0,3.0,3.0,3.0,3.0,3.0,3.0,3.0,3.0,3.0,3.0,3.0,3.0,3.0,3.0,3.0,3.0,1,0.8631998697916666,0.0,0.0,0.0,0.0,0.0,0.0,0.0,0.0,0.0,0.0,0.0,0.0,0.0,0.0,0.0,0.07071067811865477,0.07071067811865477,0.07071067811865477,0.07071067811865477,0.07071067811865477,0.07071067811865477,0.07071067811865477,0.07071067811865477,0.07071067811865477,0.07071067811865477,0.07071067811865477,0.07071067811865477,0.07071067811865477,0.07071067811865477,0.07071067811865477,0.07071067811865477,0.07071067811865477,0.07071067811865477,0.07071067811865477,0.07071067811865477,0.07071067811865477,0.07071067811865477,0.07071067811865477,0.07071067811865477,0.07071067811865477,0.1118033988749895,0.158113883008419,0.18027756377319948,0.21213203435596426,0.28284271247461906,0.3354101966249685,0.47434164902525694,3.0,3.0,3.0,3.0,3.0,1,2.0,0.0,0.05,0.05,0.05,0.05,0.05,0.05,0.05,0.05,0.05,0.05,0.05,0.05,0.05,0.05,0.05,0.05,0.05,0.05,0.05,0.05,0.05,0.05,0.05,0.07071067811865477,0.07071067811865477,0.07071067811865477,0.07071067811865477,0.07071067811865477,0.07071067811865477,0.1,0.1,0.1,0.1,0.1,0.1,0.1,0.1,0.1,0.1118033988749895,0.1118033988749895,0.1118033988749895,0.1118033988749895,0.1118033988749895,0.14142135623730953,0.14142135623730953,0.14142135623730953,0.14142135623730953,0.14142135623730953,0.14142135623730953,0.25,0.25
v3_sc3_staging_08,L1,2,0.0034343726843828054,0.0006435411992673504,2,2.0,0.05,0.05,0.3535533905932738,0.3535533905932738,0.3535533905932738,0.3535533905932738,0.3535533905932738,0.3535533905932738,0.3535533905932738,3.0,3.0,3.0,3.0,3.0,3.0,3.0,3.0,3.0,3.0,3.0,3.0,3.0,3.0,3.0,3.0,3.0,3.0,3.0,3.0,3.0,3.0,3.0,3.0,3.0,3.0,3.0,3.0,3.0,3.0,3.0,3.0,3.0,3.0,3.0,3.0,3.0,3.0,3.0,3.0,3.0,3.0,3.0,1,2.0,0.0,0.05,0.05,0.05,0.05,0.05,0.05,0.05,0.05,0.05,0.05,0.05,0.05,0.05,0.05,0.05,0.05,0.05,0.05,0.05,0.05,0.05,0.07071067811865477,0.07071067811865477,0.07071067811865477,0.07071067811865477,0.07071067811865477,0.07071067811865477,0.07071067811865477,0.07071067811865477,0.07071067811865477,0.07071067811865477,0.07071067811865477,0.07071067811865477,0.07071067811865477,0.07071067811865477,0.07071067811865477,0.1,0.1,0.1,0.1118033988749895,0.158113883008419,0.20615528128088303,0.25,0.316227766016838,0.316227766016838,0.7106335201775948,1.1,3.0,3.0,3.0,3.0,1,2.0,0.05,0.07071067811865477,0.07071067811865477,0.07071067811865477,0.07071067811865477,0.07071067811865477,0.07071067811865477,0.07071067811865477,0.07071067811865477,0.07071067811865477,0.07071067811865477,0.07071067811865477,0.07071067811865477,0.07071067811865477,0.07071067811865477,0.07071067811865477,0.07071067811865477,0.07071067811865477,0.07071067811865477,0.07071067811865477,0.07071067811865477,0.07071067811865477,0.07071067811865477,0.07071067811865477,0.07071067811865477,0.07071067811865477,0.07071067811865477,0.07071067811865477,0.07071067811865477,0.1,0.1,0.1,0.1,0.1,0.1,0.1,0.1,0.1,0.1,0.1,0.1,0.1,0.1118033988749895,0.1118033988749895,0.1118033988749895,0.1118033988749895,0.1118033988749895,0.14142135623730953,0.14142135623730953,0.20615528128088303,0.25,0.25
v3_sc3_staging_08,L1,3,0.0022682168699072938,2.0699363496154115e-05,2,2.0,0.05,0.05,0.3535533905932738,0.3535533905932738,0.3535533905932738,0.3535533905932738,0.3535533905932738,0.3535533905932738,0.3535533905932738,0.3535533905932738,0.3535533905932738,3.0,3.0,3.0,3.0,3.0,3.0,3.0,3.0,3.0,3.0,3.0,3.0,3.0,3.0,3.0,3.0,3.0,3.0,3.0,3.0,3.0,3.0,3.0,3.0,3.0,3.0,3.0,3.0,3.0,3.0,3.0,3.0,3.0,3.0,3.0,3.0,3.0,3.0,3.0,3.0,3.0,1,2.0,0.0,0.05,0.05,0.05,0.05,0.05,0.05,0.05,0.05,0.05,0.05,0.05,0.05,0.05,0.05,0.05,0.05,0.05,0.05,0.05,0.05,0.05,0.05,0.05,0.05,0.05,0.05,0.05,0.05,0.05,0.05,0.05,0.05,0.05,0.05,0.05,0.07071067811865477,0.07071067811865477,0.1,0.1,0.1118033988749895,0.158113883008419,0.18027756377319948,0.20615528128088303,0.25495097567963926,0.3354101966249685,0.5830951894845301,3.0,3.0,3.0,3.0,3.0,1,2.0,0.0,0.05,0.05,0.05,0.05,0.05,0.05,0.05,0.05,0.05,0.05,0.05,0.05,0.05,0.05,0.05,0.05,0.05,0.05,0.05,0.05,0.05,0.05,0.07071067811865477,0.07071067811865477,0.07071067811865477,0.07071067811865477,0.07071067811865477,0.07071067811865477,0.07071067811865477,0.07071067811865477,0.07071067811865477,0.1,0.1,0.1,0.1,0.1,0.1,0.1,0.1,0.1,0.1118033988749895,0.1118033988749895,0.1118033988749895,0.1118033988749895,0.1118033988749895,0.1118033988749895,0.14142135623730953,0.14142135623730953,0.14142135623730953,0.25,0.25
v3_sc3_staging_08,L1,4,0.003095026081404566,0.00056822675174437,2,2.0,0.05,0.05,0.3535533905932738,0.3535533905932738,0.3535533905932738,0.3535533905932738,0.3535533905932738,0.3535533905932738,0.3535533905932738,0.3535533905932738,0.3535533905932738,0.3535533905932738,3.0,3.0,3.0,3.0,3.0,3.0,3.0,3.0,3.0,3.0,3.0,3.0,3.0,3.0,3.0,3.0,3.0,3.0,3.0,3.0,3.0,3.0,3.0,3.0,3.0,3.0,3.0,3.0,3.0,3.0,3.0,3.0,3.0,3.0,3.0,3.0,3.0,3.0,3.0,3.0,1,2.0,0.0,0.05,0.05,0.05,0.05,0.05,0.05,0.05,0.05,0.05,0.05,0.05,0.05,0.05,0.05,0.05,0.05,0.05,0.05,0.05,0.05,0.05,0.05,0.05,0.05,0.05,0.05,0.05,0.05,0.05,0.05,0.05,0.05,0.05,0.05,0.07071067811865477,0.07071067811865477,0.07071067811865477,0.07071067811865477,0.1,0.1118033988749895,0.15000000000000002,0.18027756377319948,0.21213203435596426,0.28284271247461906,0.40311288741492746,0.4301162633521314,0.5656854249492381,3.0,3.0,3.0,3.0,1,2.0,0.05,0.05,0.05,0.05,0.05,0.05,0.05,0.05,0.05,0.05,0.05,0.05,0.05,0.05,0.05,0.05,0.05,0.05,0.05,0.05,0.05,0.05,0.05,0.05,0.05,0.05,0.07071067811865477,0.07071067811865477,0.07071067811865477,0.1,0.1,0.1,0.1,0.1,0.1,0.1,0.1,0.1,0.1,0.1,0.1,0.1118033988749895,0.1118033988749895,0.1118033988749895,0.1118033988749895,0.14142135623730953,0.14142135623730953,0.14142135623730953,0.25,0.25,0.25,0.25
v3_sc3_staging_08,L1,5,0.002299111493265621,0.00025589369224096874,2,1.0,0.0,0.0,0.3905124837953327,0.3905124837953327,0.3905124837953327,0.3905124837953327,0.3905124837953327,0.3905124837953327,0.3905124837953327,0.3905124837953327,3.0,3.0,3.0,3.0,3.0,3.0,3.0,3.0,3.0,3.0,3.0,3.0,3.0,3.0,3.0,3.0,3.0,3.0,3.0,3.0,3.0,3.0,3.0,3.0,3.0,3.0,3.0,3.0,3.0,3.0,3.0,3.0,3.0,3.0,3.0,3.0,3.0,3.0,3.0,3.0,3.0,3.0,1,2.0,0.0,0.05,0.05,0.05,0.05,0.05,0.05,0.05,0.05,0.05,0.05,0.05,0.05,0.05,0.05,0.05,0.05,0.05,0.05,0.05,0.05,0.05,0.07071067811865477,0.07071067811865477,0.07071067811865477,0.07071067811865477,0.07071067811865477,0.07071067811865477,0.07071067811865477,0.07071067811865477,0.07071067811865477,0.07071067811865477,0.07071067811865477,0.07071067811865477,0.07071067811865477,0.07071067811865477,0.07071067811865477,0.07071067811865477,0.07071067811865477,0.1,0.158113883008419,0.158113883008419,0.18027756377319948,0.21213203435596426,0.304138126514911,0.3640054944640259,0.41231056256176607,1.2010412149464313,3.0,3.0,3.0,3.0,1,2.0,0.0,0.05,0.05,0.05,0.05,0.05,0.05,0.05,0.05,0.05,0.05,0.05,0.05,0.05,0.05,0.05,0.05,0.05,0.05,0.05,0.05,0.05,0.05,0.07071067811865477,0.07071067811865477,0.07071067811865477,0.07071067811865477,0.07071067811865477,0.07071067811865477,0.07071067811865477,0.07071067811865477,0.1,0.1,0.1,0.1,0.1,0.1,0.1,0.1,0.1118033988749895,0.1118033988749895,0.1118033988749895,0.1118033988749895,0.1118033988749895,0.1118033988749895,0.1118033988749895,0.1118033988749895,0.20615528128088303,0.25,0.25,0.25,0.25
v3_sc3_staging_08,L1,6,0.0024813247912414387,6.783098394478721e-05,2,1.0,0.0,0.0,0.3905124837953327,0.3905124837953327,0.3905124837953327,0.3905124837953327,0.3905124837953327,0.3905124837953327,0.3905124837953327,3.0,3.0,3.0,3.0,3.0,3.0,3.0,3.0,3.0,3.0,3.0,3.0,3.0,3.0,3.0,3.0,3.0,3.0,3.0,3.0,3.0,3.0,3.0,3.0,3.0,3.0,3.0,3.0,3.0,3.0,3.0,3.0,3.0,3.0,3.0,3.0,3.0,3.0,3.0,3.0,3.0,3.0,3.0,1,2.0,0.05,0.05,0.05,0.05,0.05,0.05,0.05,0.05,0.05,0.05,0.05,0.05,0.05,0.05,0.05,0.05,0.05,0.05,0.05,0.05,0.05,0.05,0.07071067811865477,0.07071067811865477,0.07071067811865477,0.07071067811865477,0.07071067811865477,0.07071067811865477,0.07071067811865477,0.07071067811865477,0.07071067811865477,0.07071067811865477,0.07071067811865477,0.07071067811865477,0.07071067811865477,0.07071067811865477,0.07071067811865477,0.07071067811865477,0.1,0.1,0.15000000000000002,0.15000000000000002,0.18027756377319948,0.25,0.316227766016838,0.316227766016838,0.5852349955359814,3.0,3.0,3.0,3.0,3.0,1,2.0,0.0,0.05,0.05,0.05,0.05,0.05,0.05,0.05,0.05,0.05,0.05,0.05,0.05,0.05,0.05,0.05,0.05,0.05,0.05,0.05,0.05,0.05,0.05,0.07071067811865477,0.07071067811865477,0.07071067811865477,0.07071067811865477,0.07071067811865477,0.07071067811865477,0.07071067811865477,0.07071067811865477,0.07071067811865477,0.1,0.1,0.1,0.1,0.1,0.1,0.1,0.1118033988749895,0.1118033988749895,0.1118033988749895,0.1118033988749895,0.1118033988749895,0.1118033988749895,0.1118033988749895,0.1118033988749895,0.14142135623730953,0.14142135623730953,0.14142135623730953,0.14142135623730953,0.14142135623730953
v3_sc3_staging_08,L1,7,0.0034306422189645178,0.0005808998897820179,2,1.0,0.0,0.0,0.3535533905932738,0.3535533905932738,0.3535533905932738,0.3535533905932738,0.3535533905932738,0.3535533905932738,0.3535533905932738,3.0,3.0,3.0,3.0,3.0,3.0,3.0,3.0,3.0,3.0,3.0,3.0,3.0,3.0,3.0,3.0,3.0,3.0,3.0,3.0,3.0,3.0,3.0,3.0,3.0,3.0,3.0,3.0,3.0,3.0,3.0,3.0,3.0,3.0,3.0,3.0,3.0,3.0,3.0,3.0,3.0,3.0,3.0,1,2.0,0.05,0.05,0.05,0.05,0.05,0.05,0.05,0.05,0.05,0.05,0.05,0.05,0.05,0.05,0.05,0.07071067811865477,0.07071067811865477,0.07071067811865477,0.07071067811865477,0.07071067811865477,0.07071067811865477,0.07071067811865477,0.07071067811865477,0.07071067811865477,0.07071067811865477,0.07071067811865477,0.07071067811865477,0.07071067811865477,0.07071067811865477,0.07071067811865477,0.07071067811865477,0.07071067811865477,0.07071067811865477,0.07071067811865477,0.07071067811865477,0.07071067811865477,0.1,0.1,0.1,0.1,0.1118033988749895,0.158113883008419,0.18027756377319948,0.21213203435596426,0.29154759474226505,0.316227766016838,1.1280514172678477,3.0,3.0,3.0,3.0,3.0,1,2.0,0.05,0.05,0.05,0.05,0.05,0.05,0.05,0.05,0.05,0.05,0.05,0.05,0.05,0.05,0.05,0.05,0.05,0.05,0.05,0.05,0.05,0.05,0.05,0.05,0.07071067811865477,0.07071067811865477,0.07071067811865477,0.07071067811865477,0.07071067811865477,0.1,0.1,0.1,0.1,0.1,0.1,0.1,0.1,0.1,0.1,0.1118033988749895,0.1118033988749895,0.1118033988749895,0.1118033988749895,0.1118033988749895,0.1118033988749895,0.1118033988749895,0.14142135623730953,0.14142135623730953,0.14142135623730953,0.25495097567963926,0.25495097567963926,0.25495097567963926
v3_sc3_staging_08,L1,8,0.005058898574578479,0.0005266656283720949,2,2.0,0.05,0.05,0.3905124837953327,0.3905124837953327,0.3905124837953327,0.3905124837953327,0.3905124837953327,0.3905124837953327,0.3905124837953327,0.3905124837953327,0.3905124837953327,0.3905124837953327,0.3905124837953327,0.3905124837953327,0.3905124837953327,3.0,3.0,3.0,3.0,3.0,3.0,3.0,3.0,3.0,3.0,3.0,3.0,3.0,3.0,3.0,3.0,3.0,3.0,3.0,3.0,3.0,3.0,3.0,3.0,3.0,3.0,3.0,3.0,3.0,3.0,3.0,3.0,3.0,3.0,3.0,3.0,3.0,1,2.0,0.0,0.05,0.05,0.05,0.05,0.05,0.05,0.05,0.05,0.05,0.05,0.05,0.05,0.05,0.05,0.05,0.05,0.05,0.05,0.05,0.05,0.05,0.05,0.05,0.05,0.05,0.05,0.05,0.05,0.05,0.05,0.05,0.05,0.05,0.07071067811865477,0.07071067811865477,0.07071067811865477,0.07071067811865477,0.07071067811865477,0.07071067811865477,0.1,0.1118033988749895,0.20615528128088303,0.25,0.316227766016838,0.3354101966249685,0.4301162633521314,0.5656854249492381,1.2816005617976298,1.2816005617976298,3.0,3.0,1,2.0,0.05,0.05,0.05,0.05,0.05,0.05,0.05,0.05,0.05,0.05,0.05,0.05,0.05,0.05,0.05,0.05,0.05,0.05,0.05,0.05,0.05,0.05,0.05,0.05,0.05,0.05,0.07071067811865477,0.07071067811865477,0.07071067811865477,0.1,0.1,0.1,0.1,0.1,0.1,0.1,0.1,0.1,0.1,0.1,0.1,0.1118033988749895,0.1118033988749895,0.1118033988749895,0.14142135623730953,0.14142135623730953,0.14142135623730953,0.14142135623730953,0.14142135623730953,0.14142135623730953,0.14142135623730953,0.25
v3_sc3_staging_08,L1,9,0.0024490639505660543,0.00021322889098082556,2,1.0,0.0,0.0,0.3905124837953327,0.3905124837953327,0.3905124837953327,0.3905124837953327,0.3905124837953327,0.3905124837953327,0.3905124837953327,0.3905124837953327,3.0,3.0,3.0,3.0,3.0,3.0,3.0,3.0,3.0,3.0,3.0,3.0,3.0,3.0,3.0,3.0,3.0,3.0,3.0,3.0,3.0,3.0,3.0,3.0,3.0,3.0,3.0,3.0,3.0,3.0,3.0,3.0,3.0,3.0,3.0,3.0,3.0,3.0,3.0,3.0,3.0,3.0,1,2.0,0.05,0.05,0.05,0.05,0.05,0.05,0.05,0.05,0.05,0.05,0.05,0.05,0.05,0.05,0.05,0.05,0.05,0.05,0.05,0.05,0.05,0.05,0.07071067811865477,0.07071067811865477,0.07071067811865477,0.07071067811865477,0.07071067811865477,0.07071067811865477,0.07071067811865477,0.07071067811865477,0.07071067811865477,0.07071067811865477,0.07071067811865477,0.07071067811865477,0.07071067811865477,0.07071067811865477,0.07071067811865477,0.07071067811865477,0.1,0.1,0.1118033988749895,0.15000000000000002,0.18027756377319948,0.25,0.29154759474226505,0.316227766016838,0.6363961030678928,3.0,3.0,3.0,3.0,3.0,1,2.0,0.0,0.05,0.05,0.05,0.05,0.05,0.05,0.05,0.05,0.05,0.05,0.05,0.05,0.05,0.05,0.05,0.05,0.05,0.05,0.05,0.05,0.05,0.05,0.07071067811865477,0.07071067811865477,0.07071067811865477,0.07071067811865477,0.07071067811865477,0.07071067811865477,0.07071067811865477,0.07071067811865477,0.1,0.1,0.1,0.1,0.1,0.1,0.1,0.1,0.1,0.1,0.1118033988749895,0.1118033988749895,0.1118033988749895,0.1118033988749895,0.1118033988749895,0.1118033988749895,0.1118033988749895,0.14142135623730953,0.25,0.25,0.25
v3_sc3_staging_08,L2,0,0.008132657657665394,0.0016931028512438544,2,2.0,0.05,0.05,0.3905124837953327,0.3905124837953327,0.3905124837953327,0.3905124837953327,0.3905124837953327,0.3905124837953327,3.0,3.0,3.0,3.0,3.0,3.0,3.0,3.0,3.0,3.0,3.0,3.0,3.0,3.0,3.0,3.0,3.0,3.0,3.0,3.0,3.0,3.0,3.0,3.0,3.0,3.0,3.0,3.0,3.0,3.0,3.0,3.0,3.0,3.0,3.0,3.0,3.0,3.0,3.0,3.0,3.0,3.0,3.0,3.0,1,2.0,0.05,0.05,0.05,0.05,0.05,0.05,0.05,0.05,0.05,0.05,0.05,0.05,0.05,0.05,0.05,0.05,0.05,0.05,0.05,0.05,0.05,0.05,0.05,0.05,0.05,0.05,0.05,0.05,0.05,0.05,0.05,0.05,0.07071067811865477,0.07071067811865477,0.07071067811865477,0.1,0.1,0.1,0.1,0.1,0.1,0.2,0.2,0.2692582403567252,0.2692582403567252,0.32015621187164245,0.5,1.0793516572461452,1.101135777277262,3.0,3.0,3.0,1,2.0,0.05,0.05,0.07071067811865477,0.07071067811865477,0.07071067811865477,0.07071067811865477,0.07071067811865477,0.07071067811865477,0.07071067811865477,0.07071067811865477,0.07071067811865477,0.07071067811865477,0.07071067811865477,0.07071067811865477,0.07071067811865477,0.07071067811865477,0.07071067811865477,0.07071067811865477,0.07071067811865477,0.07071067811865477,0.07071067811865477,0.07071067811865477,0.07071067811865477,0.1,0.1,0.1,0.1,0.1,0.1,0.1,0.1,0.1,0.1,0.1,0.1,0.1,0.1,0.1,0.1,0.1,0.1,0.1,0.1118033988749895,0.1118033988749895,0.1118033988749895,0.1118033988749895,0.1118033988749895,0.158113883008419,0.158113883008419,0.158113883008419,0.158113883008419,0.30000000000000004
v3_sc3_staging_08,L2,1,0.009915050519556714,0.0009483397810881939,2,2.0,0.05,0.1,0.3905124837953327,0.3905124837953327,0.3905124837953327,0.3905124837953327,0.3905124837953327,0.3905124837953327,0.3905124837953327,0.3905124837953327,3.0,3.0,3.0,3.0,3.0,3.0,3.0,3.0,3.0,3.0,3.0,3.0,3.0,3.0,3.0,3.0,3.0,3.0,3.0,3.0,3.0,3.0,3.0,3.0,3.0,3.0,3.0,3.0,3.0,3.0,3.0,3.0,3.0,3.0,3.0,3.0,3.0,3.0,3.0,3.0,3.0,3.0,1,2.0,0.05,0.05,0.05,0.05,0.05,0.05,0.05,0.05,0.05,0.05,0.05,0.05,0.05,0.05,0.05,0.05,0.05,0.05,0.05,0.05,0.05,0.05,0.05,0.05,0.05,0.05,0.05,0.05,0.05,0.05,0.05,0.05,0.05,0.05,0.05,0.05,0.05,0.07071067811865477,0.07071067811865477,0.1,0.1118033988749895,0.2,0.2,0.25,0.28284271247461906,0.40311288741492746,0.4716990566028302,3.0,3.0,3.0,3.0,3.0,1,2.0,0.05,0.05,0.05,0.05,0.05,0.05,0.05,0.05,0.05,0.05,0.05,0.05,0.05,0.05,0.05,0.05,0.05,0.05,0.05,0.05,0.05,0.05,0.05,0.05,0.05,0.05,0.05,0.07071067811865477,0.07071067811865477,0.07071067811865477,0.07071067811865477,0.07071067811865477,0.07071067811865477,0.1,0.1,0.1,0.1,0.1,0.1,0.1,0.1,0.1118033988749895,0.1118033988749895,0.1118033988749895,0.1118033988749895,0.1118033988749895,0.25,0.25,0.25,0.25,0.25,0.25
v3_sc3_staging_08,L2,2,0.01711034023778821,0.0032109228927973323,2,2.0,0.1,0.1,0.3905124837953327,0.3905124837953327,0.3905124837953327,0.3905124837953327,0.3905124837953327,0.3905124837953327,0.3905124837953327,0.3905124837953327,0.3905124837953327,0.3905124837953327,0.3905124837953327,0.3905124837953327,0.3905124837953327,3.0,3.0,3.0,3.0,3.0,3.0,3.0,3.0,3.0,3.0,3.0,3.0,3.0,3.0,3.0,3.0,3.0,3.0,3.0,3.0,3.0,3.0,3.0,3.0,3.0,3.0,3.0,3.0,3.0,3.0,3.0,3.0,3.0,3.0,3.0,3.0,3.0,1,2.0,0.05,0.05,0.05,0.05,0.05,0.05,0.05,0.05,0.05,0.05,0.05,0.05,0.05,0.05,0.05,0.05,0.05,0.05,0.05,0.05,0.05,0.05,0.05,0.05,0.05,0.05,0.05,0.05,0.05,0.07071067811865477,0.07071067811865477,0.07071067811865477,0.07071067811865477,0.07071067811865477,0.07071067811865477,0.07071067811865477,0.07071067811865477,0.1,0.1,0.1,0.1118033988749895,0.158113883008419,0.158113883008419,0.21213203435596426,0.304138126514911,0.5099019513592785,1.0793516572461452,1.0793516572461452,3.0,3.0,3.0,3.0,1,2.0,0.07071067811865477,0.05,0.07071067811865477,0.07071067811865477,0.07071067811865477,0.07071067811865477,0.07071067811865477,0.07071067811865477,0.07071067811865477,0.07071067811865477,0.07071067811865477,0.07071067811865477,0.07071067811865477,0.07071067811865477,0.07071067811865477,0.07071067811865477,0.07071067811865477,0.07071067811865477,0.07071067811865477,0.07071067811865477,0.07071067811865477,0.07071067811865477,0.07071067811865477,0.07071067811865477,0.07071067811865477,0.07071067811865477,0.07071067811865477,0.07071067811865477,0.07071067811865477,0.07071067811865477,0.1,0.1,0.1,0.1,0.1,0.1,0.1,0.1,0.1118033988749895,0.1118033988749895,0.1118033988749895,0.1118033988749895,0.1118033988749895,0.1118033988749895,0.14142135623730953,0.14142135623730953,0.14142135623730953,0.223606797749979,0.223606797749979,0.223606797749979,0.223606797749979,0.223606797749979
v3_sc3_staging_08,L2,3,0.011204342460894641,8.988761556395388e-05,2,2.0,0.1,0.1,0.3905124837953327,0.3905124837953327,0.3905124837953327,0.3905124837953327,0.3905124837953327,0.3905124837953327,0.3905124837953327,0.3905124837953327,0.3905124837953327,0.3905124837953327,3.0,3.0,3.0,3.0,3.0,3.0,3.0,3.0,3.0,3.0,3.0,3.0,3.0,3.0,3.0,3.0,3.0,3.0,3.0,3.0,3.0,3.0,3.0,3.0,3.0,3.0,3.0,3.0,3.0,3.0,3.0,3.0,3.0,3.0,3.0,3.0,3.0,3.0,3.0,3.0,1,2.0,0.05,0.07071067811865477,0.07071067811865477,0.07071067811865477,0.07071067811865477,0.07071067811865477,0.07071067811865477,0.07071067811865477,0.07071067811865477,0.07071067811865477,0.07071067811865477,0.07071067811865477,0.07071067811865477,0.07071067811865477,0.07071067811865477,0.07071067811865477,0.07071067811865477,0.07071067811865477,0.07071067811865477,0.07071067811865477,0.07071067811865477,0.07071067811865477,0.07071067811865477,0.07071067811865477,0.07071067811865477,0.07071067811865477,0.07071067811865477,0.07071067811865477,0.07071067811865477,0.07071067811865477,0.07071067811865477,0.07071067811865477,0.07071067811865477,0.07071067811865477,0.07071067811865477,0.07071067811865477,0.07071067811865477,0.1,0.1,0.1118033988749895,0.14142135623730953,0.20615528128088303,0.20615528128088303,0.21213203435596426,0.21213203435596426,0.35000000000000003,0.45,1.3946325680981353,3.0,3.0,3.0,3.0,1,2.0,0.05,0.05,0.05,0.05,0.05,0.05,0.05,0.05,0.05,0.05,0.05,0.05,0.05,0.05,0.05,0.05,0.05,0.05,0.05,0.05,0.05,0.05,0.05,0.05,0.05,0.07071067811865477,0.07071067811865477,0.07071067811865477,0.07071067811865477,0.07071067811865477,0.07071067811865477,0.1,0.1,0.1,0.1,0.1,0.1,0.1,0.1,0.1,0.1,0.1118033988749895,0.1118033988749895,0.1118033988749895,0.1118033988749895,0.14142135623730953,0.14142135623730953,0.14142135623730953,0.25,0.25,0.25,0.25
v3_sc3_staging_08,L2,4,0.015585122679765176,0.0028598138254843754,2,2.0,0.1,0.1,0.3905124837953327,0.3905124837953327,0.3905124837953327,0.3905124837953327,0.3905124837953327,0.3905124837953327,3.0,3.0,3.0,3.0,3.0,3.0,3.0,3.0,3.0,3.0,3.0,3.0,3.0,3.0,3.0,3.0,3.0,3.0,3.0,3.0,3.0,3.0,3.0,3.0,3.0,3.0,3.0,3.0,3.0,3.0,3.0,3.0,3.0,3.0,3.0,3.0,3.0,3.0,3.0,3.0,3.0,3.0,3.0,3.0,1,2.0,0.07071067811865477,0.07071067811865477,0.07071067811865477,0.07071067811865477,0.07071067811865477,0.07071067811865477,0.07071067811865477,0.07071067811865477,0.07071067811865477,0.07071067811865477,0.07071067811865477,0.07071067811865477,0.07071067811865477,0.07071067811865477,0.07071067811865477,0.07071067811865477,0.07071067811865477,0.07071067811865477,0.07071067811865477,0.07071067811865477,0.1118033988749895,0.1118033988749895,0.1118033988749895,0.1118033988749895,0.1118033988749895,0.1118033988749895,0.1118033988749895,0.1118033988749895,0.1118033988749895,0.1118033988749895,0.1118033988749895,0.1118033988749895,0.1118033988749895,0.1118033988749895,0.1118033988749895,0.1118033988749895,0.1118033988749895,0.1118033988749895,0.1118033988749895,0.14142135623730953,0.14142135623730953,0.15000000000000002,0.20615528128088303,0.20615528128088303,0.25495097567963926,0.3354101966249685,0.4716990566028302,1.4000000000000001,1.4000000000000001,3.0,3.0,3.0,1,2.0,0.05,0.05,0.05,0.05,0.05,0.05,0.05,0.05,0.05,0.05,0.05,0.05,0.05,0.05,0.05,0.05,0.05,0.05,0.07071067811865477,0.07071067811865477,0.07071067811865477,0.07071067811865477,0.07071067811865477,0.07071067811865477,0.07071067811865477,0.07071067811865477,0.1,0.1,0.1,0.1,0.1,0.1118033988749895,0.1118033988749895,0.1118033988749895,0.1118033988749895,0.1118033988749895,0.15000000000000002,0.15000000000000002,0.15000000000000002,0.15000000000000002,0.158113883008419,0.158113883008419,0.158113883008419,0.158113883008419,0.158113883008419,0.158113883008419,0.158113883008419,0.158113883008419,0.158113883008419,0.25495097567963926,0.25495097567963926,0.2692582403567252
v3_sc3_staging_08,L2,5,0.01147964362765072,0.0012740844666571263,2,2.0,0.05,0.05,0.3535533905932738,0.3535533905932738,0.3535533905932738,0.3535533905932738,0.3535533905932738,0.3535533905932738,0.3535533905932738,0.3535533905932738,3.0,3.0,3.0,3.0,3.0,3.0,3.0,3.0,3.0,3.0,3.0,3.0,3.0,3.0,3.0,3.0,3.0,3.0,3.0,3.0,3.0,3.0,3.0,3.0,3.0,3.0,3.0,3.0,3.0,3.0,3.0,3.0,3.0,3.0,3.0,3.0,3.0,3.0,3.0,3.0,3.0,3.0,1,2.0,0.05,0.05,0.07071067811865477,0.07071067811865477,0.07071067811865477,0.07071067811865477,0.07071067811865477,0.07071067811865477,0.07071067811865477,0.07071067811865477,0.07071067811865477,0.07071067811865477,0.07071067811865477,0.07071067811865477,0.07071067811865477,0.07071067811865477,0.07071067811865477,0.07071067811865477,0.07071067811865477,0.07071067811865477,0.07071067811865477,0.07071067811865477,0.07071067811865477,0.07071067811865477,0.07071067811865477,0.07071067811865477,0.07071067811865477,0.07071067811865477,0.07071067811865477,0.07071067811865477,0.07071067811865477,0.07071067811865477,0.07071067811865477,0.07071067811865477,0.07071067811865477,0.07071067811865477,0.1118033988749895,0.1118033988749895,0.1118033988749895,0.1118033988749895,0.14142135623730953,0.158113883008419,0.18027756377319948,0.2,0.40311288741492746,0.4609772228646444,0.5147815070493501,3.0,3.0,3.0,3.0,3.0,1,2.0,0.05,0.05,0.05,0.05,0.05,0.05,0.05,0.05,0.05,0.05,0.05,0.05,0.05,0.05,0.05,0.05,0.05,0.05,0.05,0.05,0.07071067811865477,0.07071067811865477,0.07071067811865477,0.07071067811865477,0.07071067811865477,0.07071067811865477,0.07071067811865477,0.07071067811865477,0.07071067811865477,0.1,0.1,0.1,0.1,0.1,0.1,0.1,0.1,0.1,0.1,0.1,0.1,0.1118033988749895,0.1118033988749895,0.1118033988749895,0.1118033988749895,0.1118033988749895,0.1118033988749895,0.14142135623730953,0.20615528128088303,0.20615528128088303,0.20615528128088303,0.20615528128088303
v3_sc3_staging_08,L2,6,0.012417541092215057,0.0003320257486960633,2,2.0,0.05,0.05,0.3905124837953327,0.3905124837953327,0.3905124837953327,0.3905124837953327,0.3905124837953327,0.3905124837953327,3.0,3.0,3.0,3.0,3.0,3.0,3.0,3.0,3.0,3.0,3.0,3.0,3.0,3.0,3.0,3.0,3.0,3.0,3.0,3.0,3.0,3.0,3.0,3.0,3.0,3.0,3.0,3.0,3.0,3.0,3.0,3.0,3.0,3.0,3.0,3.0,3.0,3.0,3.0,3.0,3.0,3.0,3.0,3.0,1,2.0,0.05,0.05,0.05,0.05,0.05,0.05,0.05,0.05,0.05,0.05,0.05,0.05,0.05,0.05,0.05,0.05,0.05,0.05,0.05,0.05,0.05,0.05,0.05,0.05,0.05,0.05,0.05,0.05,0.05,0.05,0.05,0.05,0.05,0.05,0.07071067811865477,0.07071067811865477,0.07071067811865477,0.07071067811865477,0.07071067811865477,0.07071067811865477,0.1118033988749895,0.14142135623730953,0.15000000000000002,0.18027756377319948,0.20615528128088303,0.3354101966249685,0.4949747468305833,0.6020797289396148,3.0,3.0,3.0,3.0,1,2.0,0.05,0.05,0.05,0.05,0.05,0.05,0.05,0.05,0.05,0.05,0.05,0.05,0.05,0.05,0.05,0.05,0.05,0.05,0.05,0.07071067811865477,0.07071067811865477,0.07071067811865477,0.07071067811865477,0.07071067811865477,0.07071067811865477,0.07071067811865477,0.07071067811865477,0.07071067811865477,0.1,0.1,0.1,0.1,0.1,0.1,0.1,0.1,0.1,0.1,0.1,0.1118033988749895,0.1118033988749895,0.1118033988749895,0.1118033988749895,0.1118033988749895,0.1118033988749895,0.1118033988749895,0.15000000000000002,0.158113883008419,0.158113883008419,0.158113883008419,0.158113883008419,0.158113883008419
v3_sc3_staging_08,L2,7,0.01716603815784701,0.0029119356688776486,2,2.0,0.1,0.1,0.4301162633521314,0.4301162633521314,0.4301162633521314,0.4301162633521314,0.4301162633521314,0.4301162633521314,3.0,3.0,3.0,3.0,3.0,3.0,3.0,3.0,3.0,3.0,3.0,3.0,3.0,3.0,3.0,3.0,3.0,3.0,3.0,3.0,3.0,3.0,3.0,3.0,3.0,3.0,3.0,3.0,3.0,3.0,3.0,3.0,3.0,3.0,3.0,3.0,3.0,3.0,3.0,3.0,3.0,3.0,3.0,3.0,1,2.0,0.05,0.05,0.05,0.05,0.05,0.05,0.05,0.05,0.05,0.05,0.05,0.05,0.05,0.05,0.05,0.05,0.05,0.05,0.05,0.05,0.05,0.05,0.05,0.05,0.05,0.05,0.05,0.05,0.05,0.05,0.05,0.05,0.05,0.05,0.05,0.05,0.05,0.05,0.1,0.1,0.1118033988749895,0.14142135623730953,0.158113883008419,0.223606797749979,0.32015621187164245,0.4609772228646444,0.5147815070493501,3.0,3.0,3.0,3.0,3.0,1,2.0,0.05,0.05,0.05,0.05,0.05,0.05,0.05,0.05,0.05,0.05,0.05,0.05,0.07071067811865477,0.07071067811865477,0.07071067811865477,0.07071067811865477,0.07071067811865477,0.07071067811865477,0.07071067811865477,0.07071067811865477,0.07071067811865477,0.07071067811865477,0.07071067811865477,0.07071067811865477,0.07071067811865477,0.1,0.1,0.1,0.1,0.1,0.1118033988749895,0.1118033988749895,0.1118033988749895,0.1118033988749895,0.1118033988749895,0.1118033988749895,0.1118033988749895,0.1118033988749895,0.1118033988749895,0.1118033988749895,0.1118033988749895,0.14142135623730953,0.14142135623730953,0.14142135623730953,0.14142135623730953,0.14142135623730953,0.15000000000000002,0.25,0.25,0.25,0.25,0.25
v3_sc3_staging_08,L2,8,0.025242530039430493,0.0026332660909087263,2,2.0,0.1118033988749895,0.1118033988749895,0.4242640687119285,0.4242640687119285,0.4242640687119285,0.4242640687119285,0.4242640687119285,0.4242640687119285,0.4242640687119285,0.4242640687119285,3.0,3.0,3.0,3.0,3.0,3.0,3.0,3.0,3.0,3.0,3.0,3.0,3.0,3.0,3.0,3.0,3.0,3.0,3.0,3.0,3.0,3.0,3.0,3.0,3.0,3.0,3.0,3.0,3.0,3.0,3.0,3.0,3.0,3.0,3.0,3.0,3.0,3.0,3.0,3.0,3.0,3.0,1,2.0,0.05,0.05,0.05,0.05,0.05,0.05,0.05,0.05,0.05,0.05,0.05,0.05,0.05,0.05,0.05,0.05,0.05,0.05,0.05,0.05,0.05,0.05,0.05,0.05,0.05,0.05,0.05,0.05,0.05,0.05,0.05,0.05,0.05,0.05,0.05,0.07071067811865477,0.07071067811865477,0.07071067811865477,0.1,0.14142135623730953,0.15000000000000002,0.158113883008419,0.223606797749979,0.25495097567963926,0.3535533905932738,0.38078865529319544,0.5099019513592785,1.2349089035228469,1.4080127840328724,3.0,3.0,3.0,1,2.0,0.05,0.05,0.05,0.05,0.05,0.05,0.05,0.05,0.05,0.05,0.05,0.05,0.05,0.05,0.05,0.05,0.05,0.05,0.05,0.05,0.05,0.07071067811865477,0.07071067811865477,0.1,0.1,0.1,0.1,0.1,0.1,0.1,0.1,0.1,0.1,0.1118033988749895,0.1118033988749895,0.1118033988749895,0.1118033988749895,0.1118033988749895,0.1118033988749895,0.15000000000000002,0.158113883008419,0.158113883008419,0.158113883008419,0.158113883008419,0.158113883008419,0.158113883008419,0.25495097567963926,0.25495097567963926,0.25495097567963926,0.2692582403567252,0.2692582403567252,0.2692582403567252
v3_sc3_staging_08,L2,9,0.01210754919715094,0.0010314809708160113,2,2.0,0.05,0.05,0.3535533905932738,0.3535533905932738,0.3535533905932738,0.3535533905932738,0.3535533905932738,0.3535533905932738,3.0,3.0,3.0,3.0,3.0,3.0,3.0,3.0,3.0,3.0,3.0,3.0,3.0,3.0,3.0,3.0,3.0,3.0,3.0,3.0,3.0,3.0,3.0,3.0,3.0,3.0,3.0,3.0,3.0,3.0,3.0,3.0,3.0,3.0,3.0,3.0,3.0,3.0,3.0,3.0,3.0,3.0,3.0,3.0,1,2.0,0.05,0.05,0.05,0.05,0.05,0.05,0.05,0.05,0.05,0.05,0.05,0.05,0.05,0.05,0.05,0.05,0.05,0.05,0.05,0.05,0.05,0.05,0.05,0.05,0.05,0.05,0.05,0.05,0.05,0.05,0.05,0.05,0.05,0.05,0.07071067811865477,0.1,0.1,0.1,0.1,0.1,0.158113883008419,0.158113883008419,0.18027756377319948,0.21213203435596426,0.2692582403567252,0.32015621187164245,0.42720018726587655,0.6800735254367722,1.3285330255586425,1.3285330255586425,3.0,3.0,1,2.0,0.05,0.05,0.05,0.05,0.05,0.05,0.05,0.05,0.05,0.05,0.05,0.05,0.05,0.05,0.05,0.05,0.05,0.05,0.05,0.05,0.05,0.07071067811865477,0.07071067811865477,0.07071067811865477,0.07071067811865477,0.07071067811865477,0.07071067811865477,0.07071067811865477,0.07071067811865477,0.07071067811865477,0.07071067811865477,0.07071067811865477,0.07071067811865477,0.07071067811865477,0.07071067811865477,0.1,0.1,0.1,0.1,0.1,0.1,0.1,0.1118033988749895,0.1118033988749895,0.1118033988749895,0.1118033988749895,0.25,0.25,0.25,0.25,0.25,0.25
v3_sc3_staging_08,L3,0,0.02552509502892346,0.005310380036252147,2,2.0,0.20615528128088303,0.20615528128088303,0.49244289008980524,0.49244289008980524,0.49244289008980524,0.49244289008980524,0.49244289008980524,0.49244289008980524,0.49244289008980524,0.49244289008980524,0.49244289008980524,0.49244289008980524,0.49244289008980524,0.49244289008980524,0.49244289008980524,0.49244289008980524,0.49244289008980524,0.49244289008980524,3.0,3.0,3.0,3.0,3.0,3.0,3.0,3.0,3.0,3.0,3.0,3.0,3.0,3.0,3.0,3.0,3.0,3.0,3.0,3.0,3.0,3.0,3.0,3.0,3.0,3.0,3.0,3.0,3.0,3.0,3.0,3.0,3.0,3.0,1,2.0,0.05,0.07071067811865477,0.07071067811865477,0.07071067811865477,0.07071067811865477,0.07071067811865477,0.07071067811865477,0.07071067811865477,0.07071067811865477,0.07071067811865477,0.07071067811865477,0.07071067811865477,0.07071067811865477,0.07071067811865477,0.07071067811865477,0.07071067811865477,0.07071067811865477,0.07071067811865477,0.07071067811865477,0.07071067811865477,0.07071067811865477,0.07071067811865477,0.07071067811865477,0.07071067811865477,0.07071067811865477,0.07071067811865477,0.07071067811865477,0.07071067811865477,0.07071067811865477,0.07071067811865477,0.07071067811865477,0.07071067811865477,0.07071067811865477,0.1118033988749895,0.1118033988749895,0.1118033988749895,0.1118033988749895,0.1118033988749895,0.1118033988749895,0.1118033988749895,0.14142135623730953,0.14142135623730953,0.18027756377319948,0.25,0.316227766016838,0.3354101966249685,0.570087712549569,1.1543396380615196,3.0,3.0,3.0,3.0,1,2.0,0.05,0.07071067811865477,0.07071067811865477,0.07071067811865477,0.07071067811865477,0.07071067811865477,0.07071067811865477,0.07071067811865477,0.07071067811865477,0.07071067811865477,0.07071067811865477,0.07071067811865477,0.07071067811865477,0.07071067811865477,0.07071067811865477,0.07071067811865477,0.07071067811865477,0.07071067811865477,0.07071067811865477,0.07071067811865477,0.07071067811865477,0.07071067811865477,0.07071067811865477,0.07071067811865477,0.07071067811865477,0.07071067811865477,0.07071067811865477,0.07071067811865477,0.07071067811865477,0.07071067811865477,0.07071067811865477,0.07071067811865477,0.07071067811865477,0.07071067811865477,0.1,0.1,0.1,0.1,0.1,0.1118033988749895,0.1118033988749895,0.1118033988749895,0.1118033988749895,0.1118033988749895,0.1118033988749895,0.1118033988749895,0.1118033988749895,0.1118033988749895,0.1118033988749895,0.25,0.25,0.25
v3_sc3_staging_08,L3,1,0.031038634204766054,0.002976268297239703,2,2.0,0.158113883008419,0.158113883008419,0.4609772228646444,0.4609772228646444,0.4609772228646444,0.4609772228646444,0.4609772228646444,0.4609772228646444,3.0,3.0,3.0,3.0,3.0,3.0,3.0,3.0,3.0,3.0,3.0,3.0,3.0,3.0,3.0,3.0,3.0,3.0,3.0,3.0,3.0,3.0,3.0,3.0,3.0,3.0,3.0,3.0,3.0,3.0,3.0,3.0,3.0,3.0,3.0,3.0,3.0,3.0,3.0,3.0,3.0,3.0,3.0,3.0,1,2.0,0.05,0.05,0.05,0.05,0.05,0.05,0.05,0.05,0.05,0.05,0.05,0.05,0.05,0.05,0.05,0.05,0.05,0.05,0.07071067811865477,0.07071067811865477,0.07071067811865477,0.07071067811865477,0.07071067811865477,0.07071067811865477,0.07071067811865477,0.07071067811865477,0.07071067811865477,0.1,0.1,0.1,0.1,0.1,0.1,0.1,0.1,0.1,0.1,0.1,0.1,0.1118033988749895,0.158113883008419,0.158113883008419,0.18027756377319948,0.25495097567963926,0.304138126514911,0.3354101966249685,0.40311288741492746,1.051189802081432,1.051189802081432,3.0,3.0,3.0,1,2.0,0.07071067811865477,0.05,0.05,0.05,0.05,0.05,0.05,0.05,0.05,0.05,0.07071067811865477,0.07071067811865477,0.07071067811865477,0.07071067811865477,0.07071067811865477,0.07071067811865477,0.07071067811865477,0.07071067811865477,0.07071067811865477,0.07071067811865477,0.07071067811865477,0.07071067811865477,0.07071067811865477,0.07071067811865477,0.1,0.1,0.1,0.1,0.1,0.1,0.1,0.1,0.1,0.1,0.1,0.1,0.1,0.1118033988749895,0.1118033988749895,0.1118033988749895,0.15000000000000002,0.15000000000000002,0.15000000000000002,0.15000000000000002,0.158113883008419,0.158113883008419,0.25495097567963926,0.25495097567963926,0.25495097567963926,0.25495097567963926,0.25495097567963926,0.25495097567963926
v3_sc3_staging_08,L3,2,0.05351031096973892,0.010062595503688512,2,2.0,0.25495097567963926,0.2,0.40311288741492746,0.40311288741492746,0.5147815070493501,0.5147815070493501,3.0,3.0,3.0,3.0,3.0,3.0,3.0,3.0,3.0,3.0,3.0,3.0,3.0,3.0,3.0,3.0,3.0,3.0,3.0,3.0,3.0,3.0,3.0,3.0,3.0,3.0,3.0,3.0,3.0,3.0,3.0,3.0,3.0,3.0,3.0,3.0,3.0,3.0,3.0,3.0,3.0,3.0,3.0,3.0,3.0,3.0,1,2.0,0.05,0.05,0.05,0.05,0.05,0.05,0.05,0.05,0.05,0.05,0.05,0.05,0.05,0.05,0.05,0.05,0.05,0.05,0.05,0.05,0.05,0.05,0.05,0.05,0.05,0.05,0.05,0.05,0.05,0.05,0.05,0.05,0.05,0.05,0.05,0.07071067811865477,0.07071067811865477,0.1,0.1118033988749895,0.14142135623730953,0.14142135623730953,0.14142135623730953,0.18027756377319948,0.3354101966249685,0.3354101966249685,0.3354101966249685,0.42720018726587655,0.5147815070493501,1.4115594213493106,1.4115594213493106,3.0,3.0,1,2.0,0.05,0.05,0.05,0.05,0.05,0.05,0.05,0.05,0.05,0.05,0.05,0.05,0.07071067811865477,0.07071067811865477,0.07071067811865477,0.07071067811865477,0.07071067811865477,0.07071067811865477,0.07071067811865477,0.07071067811865477,0.07071067811865477,0.07071067811865477,0.07071067811865477,0.07071067811865477,0.07071067811865477,0.07071067811865477,0.07071067811865477,0.07071067811865477,0.07071067811865477,0.07071067811865477,0.07071067811865477,0.07071067811865477,0.07071067811865477,0.07071067811865477,0.07071067811865477,0.07071067811865477,0.1118033988749895,0.1118033988749895,0.1118033988749895,0.1118033988749895,0.1118033988749895,0.1118033988749895,0.20615528128088303,0.20615528128088303,0.20615528128088303,0.20615528128088303,0.20615528128088303,0.20615528128088303,0.20615528128088303,0.20615528128088303,0.20615528128088303,0.20615528128088303
v3_sc3_staging_08,L3,3,0.03513570148571013,0.0003046162756536692,2,2.0,0.158113883008419,0.2,0.45276925690687087,0.5,0.5,0.5,0.5,0.5,0.5,0.5,0.5,0.5,0.5,0.5,0.5,0.5,0.5,0.5,3.0,3.0,3.0,3.0,3.0,3.0,3.0,3.0,3.0,3.0,3.0,3.0,3.0,3.0,3.0,3.0,3.0,3.0,3.0,3.0,3.0,3.0,3.0,3.0,3.0,3.0,3.0,3.0,3.0,3.0,3.0,3.0,3.0,3.0,1,2.0,0.05,0.05,0.05,0.05,0.05,0.05,0.05,0.05,0.05,0.05,0.05,0.05,0.05,0.05,0.05,0.05,0.05,0.05,0.05,0.05,0.05,0.05,0.05,0.05,0.05,0.05,0.05,0.05,0.05,0.05,0.05,0.05,0.05,0.05,0.05,0.05,0.07071067811865477,0.07071067811865477,0.07071067811865477,0.1118033988749895,0.1118033988749895,0.1118033988749895,0.158113883008419,0.20615528128088303,0.20615528128088303,0.29154759474226505,0.4716990566028302,0.7433034373659253,0.8514693182963202,3.0,3.0,3.0,1,2.0,0.05,0.05,0.05,0.05,0.05,0.05,0.05,0.05,0.05,0.05,0.05,0.05,0.05,0.05,0.05,0.05,0.05,0.05,0.05,0.05,0.05,0.05,0.07071067811865477,0.07071067811865477,0.07071067811865477,0.07071067811865477,0.07071067811865477,0.07071067811865477,0.07071067811865477,0.07071067811865477,0.07071067811865477,0.07071067811865477,0.07071067811865477,0.07071067811865477,0.1,0.1,0.1,0.1,0.1,0.1,0.1,0.1,0.1118033988749895,0.14142135623730953,0.14142135623730953,0.14142135623730953,0.14142135623730953,0.14142135623730953,0.14142135623730953,0.14142135623730953,0.14142135623730953,0.14142135623730953
v3_sc3_staging_08,L3,4,0.048882186026682484,0.008976561226247194,2,2.0,0.20615528128088303,0.20615528128088303,0.4609772228646444,0.5408326913195984,0.5408326913195984,0.5408326913195984,0.5408326913195984,0.5408326913195984,0.5408326913195984,0.5408326913195984,0.5408326913195984,0.5408326913195984,0.5408326913195984,0.5408326913195984,3.0,3.0,3.0,3.0,3.0,3.0,3.0,3.0,3.0,3.0,3.0,3.0,3.0,3.0,3.0,3.0,3.0,3.0,3.0,3.0,3.0,3.0,3.0,3.0,3.0,3.0,3.0,3.0,3.0,3.0,3.0,3.0,3.0,3.0,3.0,3.0,3.0,3.0,1,2.0,0.1118033988749895,0.1118033988749895,0.1118033988749895,0.1118033988749895,0.1118033988749895,0.1118033988749895,0.1118033988749895,0.1118033988749895,0.1118033988749895,0.1118033988749895,0.1118033988749895,0.1118033988749895,0.1118033988749895,0.1118033988749895,0.1118033988749895,0.1118033988749895,0.1118033988749895,0.1118033988749895,0.1118033988749895,0.1118033988749895,0.1118033988749895,0.1118033988749895,0.1118033988749895,0.1118033988749895,0.1118033988749895,0.158113883008419,0.158113883008419,0.158113883008419,0.158113883008419,0.158113883008419,0.158113883008419,0.158113883008419,0.158113883008419,0.158113883008419,0.158113883008419,0.158113883008419,0.158113883008419,0.158113883008419,0.18027756377319948,0.18027756377319948,0.18027756377319948,0.18027756377319948,0.18027756377319948,0.21213203435596426,0.21213203435596426,0.2692582403567252,0.316227766016838,0.6020797289396148,0.6020797289396148,1.2589678312014172,1.6007810593582121,3.0,1,2.0,0.05,0.05,0.05,0.05,0.05,0.05,0.05,0.05,0.05,0.05,0.05,0.05,0.05,0.05,0.05,0.05,0.07071067811865477,0.07071067811865477,0.07071067811865477,0.07071067811865477,0.07071067811865477,0.1,0.1,0.1,0.1,0.1,0.1,0.1,0.1,0.1,0.1,0.15000000000000002,0.15000000000000002,0.15000000000000002,0.158113883008419,0.158113883008419,0.158113883008419,0.158113883008419,0.25,0.25,0.25,0.25,0.25,0.25,0.25,0.25,0.25,0.3535533905932738,0.3535533905932738,0.3535533905932738,0.3535533905932738,0.3535533905932738
v3_sc3_staging_08,L3,5,0.035976610460445126,0.003996749848142994,2,2.0,0.1118033988749895,0.1118033988749895,0.4242640687119285,0.4242640687119285,0.4242640687119285,0.4242640687119285,3.0,3.0,3.0,3.0,3.0,3.0,3.0,3.0,3.0,3.0,3.0,3.0,3.0,3.0,3.0,3.0,3.0,3.0,3.0,3.0,3.0,3.0,3.0,3.0,3.0,3.0,3.0,3.0,3.0,3.0,3.0,3.0,3.0,3.0,3.0,3.0,3.0,3.0,3.0,3.0,3.0,3.0,3.0,3.0,3.0,3.0,1,2.0,0.07071067811865477,0.07071067811865477,0.07071067811865477,0.07071067811865477,0.07071067811865477,0.07071067811865477,0.07071067811865477,0.07071067811865477,0.07071067811865477,0.07071067811865477,0.07071067811865477,0.07071067811865477,0.07071067811865477,0.07071067811865477,0.07071067811865477,0.07071067811865477,0.07071067811865477,0.07071067811865477,0.07071067811865477,0.07071067811865477,0.07071067811865477,0.07071067811865477,0.07071067811865477,0.07071067811865477,0.07071067811865477,0.07071067811865477,0.07071067811865477,0.07071067811865477,0.07071067811865477,0.07071067811865477,0.07071067811865477,0.07071067811865477,0.07071067811865477,0.07071067811865477,0.07071067811865477,0.07071067811865477,0.1,0.1,0.1118033988749895,0.1118033988749895,0.158113883008419,0.18027756377319948,0.25,0.25,0.30000000000000004,0.32015621187164245,0.38078865529319544,0.570087712549569,3.0,3.0,3.0,3.0,1,2.0,0.05,0.05,0.05,0.05,0.05,0.05,0.05,0.05,0.05,0.05,0.05,0.05,0.05,0.05,0.05,0.05,0.05,0.05,0.07071067811865477,0.07071067811865477,0.07071067811865477,0.07071067811865477,0.07071067811865477,0.07071067811865477,0.07071067811865477,0.07071067811865477,0.07071067811865477,0.07071067811865477,0.07071067811865477,0.07071067811865477,0.07071067811865477,0.1,0.1,0.1,0.1,0.1,0.1,0.1,0.1,0.1,0.1,0.1118033988749895,0.1118033988749895,0.1118033988749895,0.1118033988749895,0.1118033988749895,0.1118033988749895,0.14142135623730953,0.158113883008419,0.158113883008419,0.18027756377319948,0.18027756377319948
v3_sc3_staging_08,L3,6,0.038727288848367514,0.0009883836337107677,2,2.0,0.14142135623730953,0.14142135623730953,0.447213595499958,0.447213595499958,0.447213595499958,0.447213595499958,0.447213595499958,0.447213595499958,3.0,3.0,3.0,3.0,3.0,3.0,3.0,3.0,3.0,3.0,3.0,3.0,3.0,3.0,3.0,3.0,3.0,3.0,3.0,3.0,3.0,3.0,3.0,3.0,3.0,3.0,3.0,3.0,3.0,3.0,3.0,3.0,3.0,3.0,3.0,3.0,3.0,3.0,3.0,3.0,3.0,3.0,3.0,3.0,1,2.0,0.05,0.05,0.05,0.05,0.05,0.05,0.05,0.05,0.05,0.05,0.05,0.05,0.05,0.05,0.05,0.05,0.05,0.05,0.05,0.05,0.05,0.05,0.05,0.05,0.05,0.05,0.05,0.05,0.05,0.05,0.05,0.05,0.05,0.05,0.07071067811865477,0.1,0.1,0.1,0.1,0.1,0.1,0.1118033988749895,0.20615528128088303,0.25,0.29154759474226505,0.3905124837953327,0.47434164902525694,0.5147815070493501,0.6020797289396148,1.3285330255586425,3.0,3.0,1,2.0,0.05,0.05,0.05,0.05,0.05,0.07071067811865477,0.07071067811865477,0.07071067811865477,0.07071067811865477,0.07071067811865477,0.07071067811865477,0.07071067811865477,0.07071067811865477,0.07071067811865477,0.07071067811865477,0.07071067811865477,0.07071067811865477,0.07071067811865477,0.07071067811865477,0.07071067811865477,0.07071067811865477,0.07071067811865477,0.07071067811865477,0.07071067811865477,0.07071067811865477,0.07071067811865477,0.07071067811865477,0.1118033988749895,0.1118033988749895,0.1118033988749895,0.1118033988749895,0.1118033988749895,0.1118033988749895,0.1118033988749895,0.1118033988749895,0.1118033988749895,0.1118033988749895,0.1118033988749895,0.1118033988749895,0.1118033988749895,0.1118033988749895,0.1118033988749895,0.1118033988749895,0.1118033988749895,0.1118033988749895,0.1118033988749895,0.1118033988749895,0.1118033988749895,0.25,0.25,0.25,0.25
v3_sc3_staging_08,L3,7,0.05387907600135404,0.009144924269208411,2,2.0,0.25,0.25,0.5147815070493501,0.5147815070493501,0.5147815070493501,0.5147815070493501,0.5147815070493501,0.5147815070493501,3.0,3.0,3.0,3.0,3.0,3.0,3.0,3.0,3.0,3.0,3.0,3.0,3.0,3.0,3.0,3.0,3.0,3.0,3.0,3.0,3.0,3.0,3.0,3.0,3.0,3.0,3.0,3.0,3.0,3.0,3.0,3.0,3.0,3.0,3.0,3.0,3.0,3.0,3.0,3.0,3.0,3.0,3.0,3.0,1,2.0,0.07071067811865477,0.1118033988749895,0.1118033988749895,0.1118033988749895,0.1118033988749895,0.1118033988749895,0.1118033988749895,0.1118033988749895,0.1118033988749895,0.1118033988749895,0.1118033988749895,0.1118033988749895,0.1118033988749895,0.1118033988749895,0.1118033988749895,0.1118033988749895,0.1118033988749895,0.1118033988749895,0.1118033988749895,0.1118033988749895,0.1118033988749895,0.1118033988749895,0.1118033988749895,0.1118033988749895,0.1118033988749895,0.1118033988749895,0.1118033988749895,0.1118033988749895,0.1118033988749895,0.1118033988749895,0.1118033988749895,0.1118033988749895,0.1118033988749895,0.1118033988749895,0.14142135623730953,0.14142135623730953,0.14142135623730953,0.14142135623730953,0.14142135623730953,0.14142135623730953,0.18027756377319948,0.20615528128088303,0.20615528128088303,0.25495097567963926,0.316227766016838,0.32015621187164245,0.6103277807866851,1.3829316685939332,3.0,3.0,3.0,3.0,1,2.0,0.05,0.05,0.05,0.05,0.05,0.05,0.05,0.05,0.05,0.05,0.05,0.05,0.05,0.05,0.05,0.05,0.05,0.05,0.05,0.05,0.05,0.05,0.05,0.05,0.05,0.05,0.07071067811865477,0.07071067811865477,0.07071067811865477,0.07071067811865477,0.07071067811865477,0.07071067811865477,0.07071067811865477,0.07071067811865477,0.07071067811865477,0.1,0.1,0.1,0.1,0.1,0.1,0.1,0.1,0.1,0.1118033988749895,0.1118033988749895,0.1118033988749895,0.1118033988749895,0.158113883008419,0.158113883008419,0.158113883008419,0.2
v3_sc3_staging_08,L3,8,0.07895254856801444,0.008323318012674217,2,2.0,0.32015621187164245,0.32015621187164245,0.6184658438426491,0.6184658438426491,0.6726812023536856,0.6726812023536856,3.0,3.0,3.0,3.0,3.0,3.0,3.0,3.0,3.0,3.0,3.0,3.0,3.0,3.0,3.0,3.0,3.0,3.0,3.0,3.0,3.0,3.0,3.0,3.0,3.0,3.0,3.0,3.0,3.0,3.0,3.0,3.0,3.0,3.0,3.0,3.0,3.0,3.0,3.0,3.0,3.0,3.0,3.0,3.0,3.0,3.0,1,2.0,0.07071067811865477,0.07071067811865477,0.07071067811865477,0.07071067811865477,0.07071067811865477,0.07071067811865477,0.07071067811865477,0.07071067811865477,0.07071067811865477,0.07071067811865477,0.07071067811865477,0.07071067811865477,0.07071067811865477,0.07071067811865477,0.07071067811865477,0.07071067811865477,0.07071067811865477,0.07071067811865477,0.07071067811865477,0.07071067811865477,0.07071067811865477,0.07071067811865477,0.07071067811865477,0.07071067811865477,0.07071067811865477,0.07071067811865477,0.07071067811865477,0.07071067811865477,0.07071067811865477,0.07071067811865477,0.07071067811865477,0.07071067811865477,0.07071067811865477,0.07071067811865477,0.07071067811865477,0.07071067811865477,0.07071067811865477,0.07071067811865477,0.1,0.1118033988749895,0.158113883008419,0.158113883008419,0.2,0.21213203435596426,0.32015621187164245,0.32015621187164245,0.36055512754639896,0.4242640687119285,0.4949747468305833,1.05,1.480709289496085,1.480709289496085,1,2.0,0.05,0.05,0.05,0.05,0.05,0.05,0.05,0.07071067811865477,0.07071067811865477,0.07071067811865477,0.07071067811865477,0.07071067811865477,0.07071067811865477,0.07071067811865477,0.07071067811865477,0.07071067811865477,0.07071067811865477,0.07071067811865477,0.07071067811865477,0.07071067811865477,0.07071067811865477,0.07071067811865477,0.1,0.1118033988749895,0.1118033988749895,0.1118033988749895,0.1118033988749895,0.1118033988749895,0.1118033988749895,0.1118033988749895,0.14142135623730953,0.18027756377319948,0.18027756377319948,0.18027756377319948,0.18027756377319948,0.18027756377319948,0.18027756377319948,0.223606797749979,0.223606797749979,0.223606797749979,0.223606797749979,0.223606797749979,0.223606797749979,0.223606797749979,0.223606797749979,0.223606797749979,0.25,0.25,0.25,0.25,0.25,0.25
v3_sc3_staging_08,L3,9,0.03792435794782755,0.0032270900594468434,2,2.0,0.1,0.1,0.3905124837953327,0.3905124837953327,0.3905124837953327,0.3905124837953327,3.0,3.0,3.0,3.0,3.0,3.0,3.0,3.0,3.0,3.0,3.0,3.0,3.0,3.0,3.0,3.0,3.0,3.0,3.0,3.0,3.0,3.0,3.0,3.0,3.0,3.0,3.0,3.0,3.0,3.0,3.0,3.0,3.0,3.0,3.0,3.0,3.0,3.0,3.0,3.0,3.0,3.0,3.0,3.0,3.0,3.0,1,2.0,0.05,0.05,0.05,0.05,0.05,0.05,0.05,0.05,0.05,0.05,0.05,0.05,0.05,0.05,0.05,0.05,0.05,0.05,0.05,0.05,0.05,0.05,0.05,0.05,0.05,0.05,0.05,0.05,0.05,0.07071067811865477,0.07071067811865477,0.07071067811865477,0.1,0.1,0.1,0.1,0.1118033988749895,0.1118033988749895,0.14142135623730953,0.14142135623730953,0.158113883008419,0.18027756377319948,0.18027756377319948,0.18027756377319948,0.25,0.304138126514911,0.4716990566028302,0.4949747468305833,1.101135777277262,3.0,3.0,3.0,1,2.0,0.05,0.05,0.05,0.05,0.05,0.05,0.05,0.05,0.05,0.05,0.05,0.05,0.05,0.05,0.05,0.05,0.05,0.05,0.05,0.05,0.05,0.05,0.05,0.05,0.05,0.05,0.05,0.07071067811865477,0.07071067811865477,0.07071067811865477,0.1,0.1,0.1,0.1,0.1,0.1,0.1,0.1,0.1,0.1,0.1118033988749895,0.1118033988749895,0.15000000000000002,0.25,0.25,0.25,0.25,0.25,0.25,0.25,0.25,0.25
v3_sc3_staging_08,L4,0,0.173863453535021,0.036004931882846175,2,2.0,1.3238202294873727,0.570087712549569,1.5572411502397436,1.5572411502397436,1.5572411502397436,1.5572411502397436,1.5572411502397436,1.5572411502397436,1.5572411502397436,1.5572411502397436,1.5572411502397436,1.5572411502397436,3.0,3.0,3.0,3.0,3.0,3.0,3.0,3.0,3.0,3.0,3.0,3.0,3.0,3.0,3.0,3.0,3.0,3.0,3.0,3.0,3.0,3.0,3.0,3.0,3.0,3.0,3.0,3.0,3.0,3.0,3.0,3.0,3.0,3.0,3.0,3.0,3.0,3.0,3.0,3.0,1,2.0,0.25495097567963926,0.25495097567963926,0.25495097567963926,0.25495097567963926,0.25495097567963926,0.25495097567963926,0.25495097567963926,0.25495097567963926,0.25495097567963926,0.25495097567963926,0.25495097567963926,0.25495097567963926,0.25495097567963926,0.25495097567963926,0.25495097567963926,0.25495097567963926,0.25495097567963926,0.25495097567963926,0.25495097567963926,0.25495097567963926,0.25495097567963926,0.25495097567963926,0.25495097567963926,0.25495097567963926,0.25495097567963926,0.25495097567963926,0.25495097567963926,0.25495097567963926,0.35000000000000003,0.35000000000000003,0.35000000000000003,0.35000000000000003,0.35000000000000003,0.35000000000000003,0.35000000000000003,0.35000000000000003,0.35000000000000003,0.35000000000000003,0.35000000000000003,0.35000000000000003,0.35000000000000003,0.4,0.4,0.4,0.4716990566028302,0.7071067811865476,1.30384048104053,1.30384048104053,1.30384048104053,1.30384048104053,1.30384048104053,1.833712082089225,1,2.0,0.05,0.05,0.05,0.05,0.05,0.05,0.05,0.05,0.05,0.05,0.05,0.05,0.05,0.05,0.05,0.05,0.05,0.05,0.05,0.05,0.05,0.05,0.05,0.05,0.05,0.05,0.05,0.07071067811865477,0.07071067811865477,0.07071067811865477,0.07071067811865477,0.07071067811865477,0.07071067811865477,0.07071067811865477,0.07071067811865477,0.07071067811865477,0.07071067811865477,0.07071067811865477,0.07071067811865477,0.1,0.1,0.1,0.1,0.1,0.1,0.1,0.1,0.1118033988749895,0.1118033988749895,0.1118033988749895,0.14142135623730953,0.158113883008419
v3_sc3_staging_08,L4,1,0.2069619532417762,0.020237695238375656,2,2.0,0.447213595499958,0.2692582403567252,0.95524865872714,0.95524865872714,0.95524865872714,0.95524865872714,3.0,3.0,3.0,3.0,3.0,3.0,3.0,3.0,3.0,3.0,3.0,3.0,3.0,3.0,3.0,3.0,3.0,3.0,3.0,3.0,3.0,3.0,3.0,3.0,3.0,3.0,3.0,3.0,3.0,3.0,3.0,3.0,3.0,3.0,3.0,3.0,3.0,3.0,3.0,3.0,3.0,3.0,3.0,3.0,3.0,3.0,1,2.0,0.05,0.07071067811865477,0.07071067811865477,0.07071067811865477,0.07071067811865477,0.07071067811865477,0.07071067811865477,0.07071067811865477,0.07071067811865477,0.07071067811865477,0.07071067811865477,0.07071067811865477,0.07071067811865477,0.07071067811865477,0.07071067811865477,0.07071067811865477,0.07071067811865477,0.07071067811865477,0.07071067811865477,0.07071067811865477,0.07071067811865477,0.07071067811865477,0.07071067811865477,0.07071067811865477,0.07071067811865477,0.07071067811865477,0.07071067811865477,0.07071067811865477,0.07071067811865477,0.07071067811865477,0.07071067811865477,0.07071067811865477,0.07071067811865477,0.07071067811865477,0.07071067811865477,0.07071067811865477,0.07071067811865477,0.07071067811865477,0.07071067811865477,0.1,0.1118033988749895,0.1118033988749895,0.1118033988749895,0.158113883008419,0.20615528128088303,0.29154759474226505,0.4242640687119285,0.5147815070493501,0.651920240520265,0.6726812023536856,3.0,3.0,1,1.0,0.05,0.0,0.05,0.05,0.05,0.05,0.05,0.05,0.05,0.05,0.07071067811865477,0.07071067811865477,0.07071067811865477,0.07071067811865477,0.1,0.1,0.1,0.1,0.1118033988749895,0.1118033988749895,0.1118033988749895,0.1118033988749895,0.1118033988749895,0.1118033988749895,0.158113883008419,0.158113883008419,0.158113883008419,0.158113883008419,0.158113883008419,0.2,0.6000000000000001,0.6000000000000001,0.6000000000000001,0.6000000000000001,0.6000000000000001,0.6000000000000001,0.6000000000000001,0.6000000000000001,0.6000000000000001,0.6000000000000001,0.6000000000000001,0.6000000000000001,0.6184658438426491,0.6184658438426491,0.6184658438426491,0.6184658438426491,0.6184658438426491,0.6670832032063168,0.6670832032063168,0.6670832032063168,0.6670832032063168,0.6670832032063168
v3_sc3_staging_08,L4,2,0.3529508571909765,0.06748720937577767,2,2.0,1.4080127840328724,0.6020797289396148,1.3656500283747663,1.3656500283747663,1.3656500283747663,1.3656500283747663,3.0,3.0,3.0,3.0,3.0,3.0,3.0,3.0,3.0,3.0,3.0,3.0,3.0,3.0,3.0,3.0,3.0,3.0,3.0,3.0,3.0,3.0,3.0,3.0,3.0,3.0,3.0,3.0,3.0,3.0,3.0,3.0,3.0,3.0,3.0,3.0,3.0,3.0,3.0,3.0,3.0,3.0,3.0,3.0,3.0,3.0,1,2.0,0.35000000000000003,0.35000000000000003,0.3535533905932738,0.3535533905932738,0.3535533905932738,0.3535533905932738,0.3535533905932738,0.3535533905932738,0.3535533905932738,0.3535533905932738,0.3535533905932738,0.3535533905932738,0.3535533905932738,0.3535533905932738,0.3535533905932738,0.3535533905932738,0.3535533905932738,0.3535533905932738,0.3535533905932738,0.3535533905932738,0.3535533905932738,0.3535533905932738,0.3535533905932738,0.3535533905932738,0.3535533905932738,0.3535533905932738,0.3535533905932738,0.3535533905932738,0.3535533905932738,0.3535533905932738,0.3535533905932738,0.3535533905932738,0.3535533905932738,0.3535533905932738,0.3535533905932738,0.40311288741492746,0.40311288741492746,0.40311288741492746,0.40311288741492746,0.40311288741492746,0.40311288741492746,0.40311288741492746,0.40311288741492746,0.4609772228646444,0.570087712549569,0.6363961030678928,0.6670832032063168,1.044030650891055,1.044030650891055,1.2539936203984454,1.2539936203984454,3.0,1,2.0,0.1118033988749895,0.05,0.1118033988749895,0.1118033988749895,0.1118033988749895,0.1118033988749895,0.14142135623730953,0.14142135623730953,0.14142135623730953,0.14142135623730953,0.14142135623730953,0.158113883008419,0.158113883008419,0.18027756377319948,0.18027756377319948,0.18027756377319948,0.2,0.2,0.2,0.21213203435596426,0.223606797749979,0.25495097567963926,0.25495097567963926,0.25495097567963926,0.25495097567963926,0.3535533905932738,0.47434164902525694,0.47434164902525694,0.47434164902525694,0.47434164902525694,0.47434164902525694,0.5,0.5,0.5,0.5,0.5,0.5,0.5,0.5,0.5,0.5,0.5,0.5,0.5,0.5,0.5024937810560445,0.5024937810560445,0.5024937810560445,0.5024937810560445,0.5024937810560445,0.5024937810560445,0.5024937810560445
v3_sc3_staging_08,L4,3,0.2384857919901705,0.003500835504087138,2,2.0,0.75,0.42720018726587655,1.110180165558726,1.110180165558726,1.110180165558726,1.110180165558726,1.2619429464123963,1.2619429464123963,1.2619429464123963,1.2619429464123963,1.2619429464123963,1.2619429464123963,1.2619429464123963,1.2619429464123963,1.2619429464123963,1.2619429464123963,1.2619429464123963,1.2619429464123963,3.0,3.0,3.0,3.0,3.0,3.0,3.0,3.0,3.0,3.0,3.0,3.0,3.0,3.0,3.0,3.0,3.0,3.0,3.0,3.0,3.0,3.0,3.0,3.0,3.0,3.0,3.0,3.0,3.0,3.0,3.0,3.0,3.0,3.0,1,2.0,0.07071067811865477,0.1118033988749895,0.1118033988749895,0.1118033988749895,0.1118033988749895,0.1118033988749895,0.1118033988749895,0.14142135623730953,0.14142135623730953,0.14142135623730953,0.14142135623730953,0.14142135623730953,0.14142135623730953,0.14142135623730953,0.14142135623730953,0.14142135623730953,0.14142135623730953,0.14142135623730953,0.14142135623730953,0.14142135623730953,0.14142135623730953,0.14142135623730953,0.14142135623730953,0.14142135623730953,0.14142135623730953,0.14142135623730953,0.14142135623730953,0.14142135623730953,0.14142135623730953,0.14142135623730953,0.18027756377319948,0.18027756377319948,0.18027756377319948,0.18027756377319948,0.2,0.2,0.2,0.2,0.2,0.2,0.21213203435596426,0.21213203435596426,0.223606797749979,0.223606797749979,0.223606797749979,0.28284271247461906,0.3535533905932738,0.4609772228646444,0.6800735254367722,0.6800735254367722,3.0,3.0,1,2.0,0.15000000000000002,0.15000000000000002,0.15000000000000002,0.15000000000000002,0.15000000000000002,0.15000000000000002,0.15000000000000002,0.15000000000000002,0.15000000000000002,0.15000000000000002,0.15000000000000002,0.15000000000000002,0.15000000000000002,0.15000000000000002,0.15000000000000002,0.15000000000000002,0.15000000000000002,0.15000000000000002,0.15000000000000002,0.15000000000000002,0.15000000000000002,0.15000000000000002,0.15000000000000002,0.15000000000000002,0.15000000000000002,0.15000000000000002,0.15000000000000002,0.15000000000000002,0.15000000000000002,0.15000000000000002,0.15000000000000002,0.15000000000000002,0.15000000000000002,0.15000000000000002,0.15000000000000002,0.15000000000000002,0.15000000000000002,0.15000000000000002,0.15000000000000002,0.15000000000000002,0.15000000000000002,0.15000000000000002,0.15000000000000002,0.15000000000000002,0.15000000000000002,0.15000000000000002,0.15000000000000002,0.15000000000000002,0.15000000000000002,0.15000000000000002,0.15000000000000002,0.15000000000000002
v3_sc3_staging_08,L4,4,0.3279967676721758,0.06059458478528233,2,2.0,1.3124404748406688,0.4,1.4300349646075092,1.4300349646075092,1.4300349646075092,1.4300349646075092,1.680773631397161,1.680773631397161,1.680773631397161,3.0,3.0,3.0,3.0,3.0,3.0,3.0,3.0,3.0,3.0,3.0,3.0,3.0,3.0,3.0,3.0,3.0,3.0,3.0,3.0,3.0,3.0,3.0,3.0,3.0,3.0,3.0,3.0,3.0,3.0,3.0,3.0,3.0,3.0,3.0,3.0,3.0,3.0,3.0,3.0,3.0,3.0,3.0,1,2.0,0.5385164807134504,0.20615528128088303,0.5590169943749475,0.5590169943749475,0.5590169943749475,0.5590169943749475,0.5590169943749475,0.5590169943749475,0.5590169943749475,0.5590169943749475,0.5590169943749475,0.5590169943749475,0.5590169943749475,0.5590169943749475,0.5590169943749475,0.5590169943749475,0.5590169943749475,0.5590169943749475,0.5590169943749475,0.5590169943749475,0.5590169943749475,0.5590169943749475,0.5590169943749475,0.5590169943749475,0.5590169943749475,0.5590169943749475,0.5590169943749475,0.5590169943749475,0.5590169943749475,0.5590169943749475,0.5590169943749475,0.5590169943749475,0.5590169943749475,0.5590169943749475,0.5590169943749475,0.5590169943749475,0.5590169943749475,0.5590169943749475,0.5590169943749475,0.5590169943749475,0.5590169943749475,0.5590169943749475,0.5590169943749475,0.5590169943749475,0.5590169943749475,0.5590169943749475,0.5590169943749475,0.5590169943749475,1.0977249200050074,1.1884864324004714,1.960229578391266,2.0,1,2.0,0.14142135623730953,0.14142135623730953,0.14142135623730953,0.14142135623730953,0.14142135623730953,0.14142135623730953,0.14142135623730953,0.14142135623730953,0.14142135623730953,0.14142135623730953,0.14142135623730953,0.14142135623730953,0.14142135623730953,0.14142135623730953,0.14142135623730953,0.14142135623730953,0.14142135623730953,0.14142135623730953,0.18027756377319948,0.18027756377319948,0.18027756377319948,0.18027756377319948,0.18027756377319948,0.18027756377319948,0.18027756377319948,0.18027756377319948,0.18027756377319948,0.18027756377319948,0.18027756377319948,0.18027756377319948,0.18027756377319948,0.18027756377319948,0.18027756377319948,0.18027756377319948,0.18027756377319948,0.18027756377319948,0.18027756377319948,0.18027756377319948,0.18027756377319948,0.18027756377319948,0.18027756377319948,0.18027756377319948,0.18027756377319948,0.18027756377319948,0.18027756377319948,0.18027756377319948,0.18027756377319948,0.18027756377319948,0.18027756377319948,0.18027756377319948,0.18027756377319948,0.18027756377319948
v3_sc3_staging_08,L4,5,0.241353058087335,0.027076310288504414,2,2.0,0.5590169943749475,0.3535533905932738,0.8602325267042628,0.8602325267042628,0.8602325267042628,0.8602325267042628,0.8602325267042628,3.0,3.0,3.0,3.0,3.0,3.0,3.0,3.0,3.0,3.0,3.0,3.0,3.0,3.0,3.0,3.0,3.0,3.0,3.0,3.0,3.0,3.0,3.0,3.0,3.0,3.0,3.0,3.0,3.0,3.0,3.0,3.0,3.0,3.0,3.0,3.0,3.0,3.0,3.0,3.0,3.0,3.0,3.0,3.0,3.0,1,2.0,0.25,0.25,0.25,0.25,0.25,0.25,0.25,0.25,0.25,0.25,0.25,0.25,0.25,0.25,0.25,0.25,0.25,0.25,0.25,0.25,0.25,0.25,0.25,0.25,0.25,0.25,0.25,0.25,0.25,0.25,0.25,0.25,0.25,0.25,0.25,0.25,0.25,0.25,0.25,0.25,0.29154759474226505,0.29154759474226505,0.32015621187164245,0.36055512754639896,0.36055512754639896,0.4716990566028302,0.4716990566028302,0.47434164902525694,0.8381527307120106,1.3086252328302401,1.3086252328302401,3.0,1,2.0,0.07071067811865477,0.1,0.1,0.1,0.1,0.1,0.1,0.1,0.1,0.1,0.1,0.1,0.1,0.1,0.1,0.1,0.1,0.1,0.1,0.1,0.1,0.1,0.1,0.1,0.1,0.1,0.1,0.1,0.1,0.1,0.1,0.1,0.1,0.1,0.1,0.1,0.1,0.1,0.1,0.1,0.1,0.1,0.1,0.1,0.1118033988749895,0.1118033988749895,0.1118033988749895,0.1118033988749895,0.1118033988749895,0.1118033988749895,0.1118033988749895,0.1118033988749895
v3_sc3_staging_08,L4,6,0.24862585482582603,0.0038901318009466395,2,2.0,0.6264982043070835,0.40311288741492746,0.9848857801796105,1.2010412149464313,1.2010412149464313,1.2010412149464313,3.0,3.0,3.0,3.0,3.0,3.0,3.0,3.0,3.0,3.0,3.0,3.0,3.0,3.0,3.0,3.0,3.0,3.0,3.0,3.0,3.0,3.0,3.0,3.0,3.0,3.0,3.0,3.0,3.0,3.0,3.0,3.0,3.0,3.0,3.0,3.0,3.0,3.0,3.0,3.0,3.0,3.0,3.0,3.0,3.0,3.0,1,2.0,0.07071067811865477,0.07071067811865477,0.07071067811865477,0.07071067811865477,0.07071067811865477,0.07071067811865477,0.07071067811865477,0.07071067811865477,0.07071067811865477,0.07071067811865477,0.1,0.1,0.1,0.1,0.1,0.1,0.1,0.1,0.1,0.1,0.1,0.1,0.1,0.1,0.1,0.1,0.1,0.1,0.1118033988749895,0.1118033988749895,0.1118033988749895,0.15000000000000002,0.15000000000000002,0.15000000000000002,0.15000000000000002,0.15000000000000002,0.15000000000000002,0.15000000000000002,0.15000000000000002,0.15000000000000002,0.15000000000000002,0.15000000000000002,0.158113883008419,0.2,0.25,0.29154759474226505,0.316227766016838,0.32015621187164245,0.47434164902525694,0.47434164902525694,0.5220153254455275,1.4080127840328724,1,2.0,0.05,0.05,0.07071067811865477,0.07071067811865477,0.07071067811865477,0.07071067811865477,0.07071067811865477,0.07071067811865477,0.07071067811865477,0.07071067811865477,0.07071067811865477,0.07071067811865477,0.07071067811865477,0.07071067811865477,0.07071067811865477,0.07071067811865477,0.07071067811865477,0.07071067811865477,0.07071067811865477,0.07071067811865477,0.07071067811865477,0.07071067811865477,0.07071067811865477,0.07071067811865477,0.1,0.1,0.1,0.1,0.1,0.1,0.1,0.1,0.1118033988749895,0.1118033988749895,0.1118033988749895,0.1118033988749895,0.1118033988749895,0.1118033988749895,0.1118033988749895,0.1118033988749895,0.1118033988749895,0.1118033988749895,0.1118033988749895,0.1118033988749895,0.1118033988749895,0.1118033988749895,0.1118033988749895,0.1118033988749895,0.1118033988749895,0.1118033988749895,0.1118033988749895,0.1118033988749895
v3_sc3_staging_08,L4,7,0.3655098832153786,0.06223267019432881,2,2.0,1.3583077707206126,0.873212459828649,1.8607794065928396,1.8607794065928396,1.8607794065928396,1.8607794065928396,1.8607794065928396,3.0,3.0,3.0,3.0,3.0,3.0,3.0,3.0,3.0,3.0,3.0,3.0,3.0,3.0,3.0,3.0,3.0,3.0,3.0,3.0,3.0,3.0,3.0,3.0,3.0,3.0,3.0,3.0,3.0,3.0,3.0,3.0,3.0,3.0,3.0,3.0,3.0,3.0,3.0,3.0,3.0,3.0,3.0,3.0,3.0,1,2.0,0.25495097567963926,0.304138126514911,0.316227766016838,0.316227766016838,0.316227766016838,0.316227766016838,0.316227766016838,0.316227766016838,0.316227766016838,0.316227766016838,0.316227766016838,0.316227766016838,0.316227766016838,0.316227766016838,0.316227766016838,0.316227766016838,0.316227766016838,0.316227766016838,0.316227766016838,0.316227766016838,0.316227766016838,0.316227766016838,0.3535533905932738,0.3535533905932738,0.3535533905932738,0.3535533905932738,0.3535533905932738,0.3535533905932738,0.3535533905932738,0.3535533905932738,0.3535533905932738,0.3535533905932738,0.3535533905932738,0.3535533905932738,0.38078865529319544,0.38078865529319544,0.38078865529319544,0.38078865529319544,0.38078865529319544,0.38078865529319544,0.38078865529319544,0.38078865529319544,0.38078865529319544,0.4301162633521314,0.47434164902525694,0.5590169943749475,0.5830951894845301,0.7071067811865476,0.7158910531638177,0.7158910531638177,1.7066048165876013,3.0,1,2.0,0.1,0.1,0.1,0.1,0.1,0.1,0.1,0.1,0.1,0.1,0.1,0.1,0.1,0.1,0.1,0.1,0.1,0.1,0.1,0.1,0.1,0.1,0.1,0.1,0.1,0.1,0.1,0.1,0.1,0.1,0.1,0.1,0.1,0.1,0.1,0.1,0.1,0.1,0.1,0.1,0.1,0.1,0.1,0.1,0.1,0.1,0.1,0.14142135623730953,0.14142135623730953,0.14142135623730953,0.15000000000000002,0.15000000000000002
v3_sc3_staging_08,L4,8,0.5206890928478699,0.05963284713087752,2,2.0,2.25,1.0012492197250393,2.405202694161139,2.600480724789169,2.600480724789169,2.600480724789169,2.600480724789169,2.600480724789169,3.0,3.0,3.0,3.0,3.0,3.0,3.0,3.0,3.0,3.0,3.0,3.0,3.0,3.0,3.0,3.0,3.0,3.0,3.0,3.0,3.0,3.0,3.0,3.0,3.0,3.0,3.0,3.0,3.0,3.0,3.0,3.0,3.0,3.0,3.0,3.0,3.0,3.0,3.0,3.0,3.0,3.0,3.0,3.0,1,2.0,0.3354101966249685,0.223606797749979,0.3354101966249685,0.3354101966249685,0.3354101966249685,0.3354101966249685,0.3354101966249685,0.3354101966249685,0.3354101966249685,0.3354101966249685,0.3354101966249685,0.3354101966249685,0.3354101966249685,0.3354101966249685,0.3354101966249685,0.3354101966249685,0.3354101966249685,0.3354101966249685,0.3354101966249685,0.3354101966249685,0.3354101966249685,0.36055512754639896,0.36055512754639896,0.36055512754639896,0.36055512754639896,0.36055512754639896,0.36055512754639896,0.36055512754639896,0.36055512754639896,0.36055512754639896,0.36055512754639896,0.36055512754639896,0.36055512754639896,0.36055512754639896,0.36055512754639896,0.36055512754639896,0.36055512754639896,0.36055512754639896,0.36055512754639896,0.36055512754639896,0.36055512754639896,0.3905124837953327,0.3905124837953327,0.4609772228646444,0.4609772228646444,0.4609772228646444,0.670820393249937,0.894427190999916,3.0,3.0,3.0,3.0,1,2.0,0.07071067811865477,0.05,0.05,0.07071067811865477,0.07071067811865477,0.07071067811865477,0.07071067811865477,0.07071067811865477,0.07071067811865477,0.07071067811865477,0.07071067811865477,0.07071067811865477,0.07071067811865477,0.07071067811865477,0.07071067811865477,0.07071067811865477,0.07071067811865477,0.1118033988749895,0.1118033988749895,0.1118033988749895,0.1118033988749895,0.1118033988749895,0.1118033988749895,0.1118033988749895,0.1118033988749895,0.1118033988749895,0.1118033988749895,0.1118033988749895,0.1118033988749895,0.1118033988749895,0.1118033988749895,0.1118033988749895,0.1118033988749895,0.1118033988749895,0.1118033988749895,0.1118033988749895,0.1118033988749895,0.1118033988749895,0.1118033988749895,0.1118033988749895,0.1118033988749895,0.1118033988749895,0.1118033988749895,0.1118033988749895,0.1118033988749895,0.1118033988749895,0.1118033988749895,0.1118033988749895,0.1118033988749895,0.1118033988749895,0.1118033988749895,0.158113883008419
v3_sc3_staging_08,L4,9,0.254764327243501,0.021750739712835355,2,2.0,0.304138126514911,0.20615528128088303,0.40311288741492746,0.40311288741492746,0.40311288741492746,0.40311288741492746,0.632455532033676,0.632455532033676,0.632455532033676,0.632455532033676,3.0,3.0,3.0,3.0,3.0,3.0,3.0,3.0,3.0,3.0,3.0,3.0,3.0,3.0,3.0,3.0,3.0,3.0,3.0,3.0,3.0,3.0,3.0,3.0,3.0,3.0,3.0,3.0,3.0,3.0,3.0,3.0,3.0,3.0,3.0,3.0,3.0,3.0,3.0,3.0,3.0,3.0,1,2.0,0.15000000000000002,0.20615528128088303,0.20615528128088303,0.20615528128088303,0.20615528128088303,0.20615528128088303,0.20615528128088303,0.20615528128088303,0.20615528128088303,0.20615528128088303,0.20615528128088303,0.20615528128088303,0.20615528128088303,0.20615528128088303,0.20615528128088303,0.20615528128088303,0.20615528128088303,0.20615528128088303,0.20615528128088303,0.20615528128088303,0.20615528128088303,0.20615528128088303,0.20615528128088303,0.20615528128088303,0.20615528128088303,0.20615528128088303,0.20615528128088303,0.20615528128088303,0.20615528128088303,0.25,0.25,0.25495097567963926,0.25495097567963926,0.25495097567963926,0.25495097567963926,0.25495097567963926,0.25495097567963926,0.25495097567963926,0.25495097567963926,0.25495097567963926,0.25495097567963926,0.29154759474226505,0.316227766016838,0.316227766016838,0.3354101966249685,0.42720018726587655,0.4949747468305833,0.4949747468305833,0.4949747468305833,1.2010412149464313,1.2010412149464313,3.0,1,2.0,0.07071067811865477,0.1,0.1,0.1,0.1,0.1,0.1,0.1,0.1,0.1,0.1,0.1,0.1,0.1,0.14142135623730953,0.14142135623730953,0.14142135623730953,0.14142135623730953,0.14142135623730953,0.14142135623730953,0.14142135623730953,0.14142135623730953,0.14142135623730953,0.14142135623730953,0.14142135623730953,0.14142135623730953,0.14142135623730953,0.14142135623730953,0.14142135623730953,0.14142135623730953,0.14142135623730953,0.14142135623730953,0.14142135623730953,0.15000000000000002,0.15000000000000002,0.15000000000000002,0.25,0.25,0.25,0.25,0.25,0.25,0.25,0.25,0.25,0.25,0.25,0.25,0.25,0.25,0.25,0.25
v3_sc3_staging_08,L5,0,1.1714215231646787,0.23618809032544996,1,2.0,1.0977249200050074,0.5,1.2083045973594573,1.2083045973594573,1.2083045973594573,1.2083045973594573,1.2083045973594573,1.2083045973594573,1.2083045973594573,1.2083045973594573,1.2083045973594573,1.2083045973594573,1.2083045973594573,1.2083045973594573,1.2369316876852983,1.2369316876852983,1.2369316876852983,3.0,3.0,3.0,3.0,3.0,3.0,3.0,3.0,3.0,3.0,3.0,3.0,3.0,3.0,3.0,3.0,3.0,3.0,3.0,3.0,3.0,3.0,3.0,3.0,3.0,3.0,3.0,3.0,3.0,3.0,3.0,3.0,3.0,3.0,3.0,1,2.0,0.9656603957913984,0.158113883008419,0.9486832980505139,0.9486832980505139,0.9656603957913984,0.9656603957913984,0.9656603957913984,0.9656603957913984,0.9656603957913984,0.9656603957913984,0.9656603957913984,0.9656603957913984,0.9656603957913984,0.9656603957913984,0.9656603957913984,0.9656603957913984,0.9656603957913984,0.9656603957913984,0.9656603957913984,1.0295630140987002,1.0295630140987002,1.0295630140987002,1.0295630140987002,1.0295630140987002,1.0295630140987002,1.0295630140987002,1.0295630140987002,1.0295630140987002,1.0307764064044151,1.0307764064044151,1.0307764064044151,1.0307764064044151,1.1672617529928753,1.1672617529928753,1.1672617529928753,1.1672617529928753,1.1672617529928753,1.1672617529928753,1.1672617529928753,1.3793114224133722,1.3793114224133722,1.8384776310850235,1.8384776310850235,1.8384776310850235,1.8821530224718712,1.8821530224718712,1.9500000000000002,2.0402205763103165,2.0402205763103165,2.0402205763103165,2.3409399821439254,2.3409399821439254,1,1.0,0.18027756377319948,0.0,0.14142135623730953,0.14142135623730953,0.14142135623730953,0.158113883008419,0.158113883008419,0.18027756377319948,0.18027756377319948,0.30000000000000004,0.30000000000000004,0.30000000000000004,0.30000000000000004,0.30000000000000004,0.40311288741492746,0.40311288741492746,0.40311288741492746,0.40311288741492746,0.40311288741492746,0.40311288741492746,0.40311288741492746,0.40311288741492746,0.40311288741492746,0.40311288741492746,0.40311288741492746,0.40311288741492746,0.40311288741492746,0.40311288741492746,0.4716990566028302,0.4716990566028302,0.4716990566028302,0.4716990566028302,0.5315072906367325,0.6403124237432849,0.6403124237432849,0.6403124237432849,0.6403124237432849,0.6403124237432849,0.6403124237432849,0.6403124237432849,0.6403124237432849,0.6403124237432849,0.6403124237432849,0.6403124237432849,0.6403124237432849,0.6403124237432849,0.6403124237432849,0.7826237921249265,0.7826237921249265,0.9394147114027969,0.9394147114027969,0.9394147114027969
v3_sc3_staging_08,L5,1,1.2534863290093554,0.13703645048973176,2,2.0,2.6725456029785537,1.7000000000000002,3.0,3.0,3.0,3.0,3.0,3.0,3.0,3.0,3.0,3.0,3.0,3.0,3.0,3.0,3.0,3.0,3.0,3.0,3.0,3.0,3.0,3.0,3.0,3.0,3.0,3.0,3.0,3.0,3.0,3.0,3.0,3.0,3.0,3.0,3.0,3.0,3.0,3.0,3.0,3.0,3.0,3.0,3.0,3.0,3.0,3.0,3.0,3.0,3.0,3.0,1,2.0,0.25,0.05,0.223606797749979,0.25,0.25,0.25,0.304138126514911,0.304138126514911,0.316227766016838,0.316227766016838,0.316227766016838,0.3535533905932738,0.3535533905932738,0.3535533905932738,0.3535533905932738,0.3535533905932738,0.3535533905932738,0.3535533905932738,0.3535533905932738,0.3535533905932738,0.3535533905932738,0.3535533905932738,0.4301162633521314,0.4301162633521314,0.4301162633521314,0.4301162633521314,0.4301162633521314,0.4301162633521314,0.4301162633521314,0.4301162633521314,0.4301162633521314,0.4301162633521314,0.4301162633521314,0.4301162633521314,0.4301162633521314,0.4301162633521314,0.4609772228646444,0.5,0.5,0.5,0.670820393249937,0.670820393249937,0.6800735254367722,0.696419413859206,0.696419413859206,0.7158910531638177,0.7158910531638177,0.7158910531638177,0.7158910531638177,0.7158910531638177,0.7158910531638177,0.7158910531638177,1,2.0,0.20615528128088303,0.1,0.1118033988749895,0.1118033988749895,0.14142135623730953,0.14142135623730953,0.2,0.2,0.2,0.2,0.2,0.2,0.2,0.2,0.2,0.2,0.21213203435596426,0.21213203435596426,0.21213203435596426,0.21213203435596426,0.21213203435596426,0.25,0.25,0.25,0.25,0.25,0.25,0.25,0.25,0.25,0.25,0.25,0.25,0.25,0.25,0.25,0.25,0.25,0.25,0.25,0.3640054944640259,0.3640054944640259,0.3640054944640259,0.3640054944640259,0.3640054944640259,0.3640054944640259,0.3640054944640259,0.3640054944640259,0.3640054944640259,0.3640054944640259,0.3640054944640259,0.3640054944640259
v3_sc3_staging_08,L5,2,1.9626677091769948,0.41000795795770767,1,1.0,0.8139410298049854,0.0,1.1853269591129698,1.1853269591129698,1.1853269591129698,1.1853269591129698,1.1853269591129698,1.1853269591129698,1.1853269591129698,1.1853269591129698,1.1853269591129698,1.1853269591129698,1.1853269591129698,1.1853269591129698,3.0,3.0,3.0,3.0,3.0,3.0,3.0,3.0,3.0,3.0,3.0,3.0,3.0,3.0,3.0,3.0,3.0,3.0,3.0,3.0,3.0,3.0,3.0,3.0,3.0,3.0,3.0,3.0,3.0,3.0,3.0,3.0,3.0,3.0,3.0,3.0,3.0,3.0,1,2.0,1.8867962264113207,0.8139410298049854,1.5182226450688976,1.5182226450688976,1.5182226450688976,1.5182226450688976,1.5182226450688976,1.5182226450688976,1.5182226450688976,1.5182226450688976,1.5182226450688976,1.5182226450688976,1.5182226450688976,1.5182226450688976,1.5182226450688976,1.5182226450688976,1.5182226450688976,1.8607794065928396,1.8607794065928396,1.8607794065928396,1.8607794065928396,1.8607794065928396,1.8607794065928396,1.8607794065928396,1.8607794065928396,1.8607794065928396,2.1400934559032696,2.1400934559032696,2.1400934559032696,2.1400934559032696,2.1400934559032696,2.1400934559032696,2.1400934559032696,2.150581316760657,2.150581316760657,2.150581316760657,2.150581316760657,2.150581316760657,2.150581316760657,2.150581316760657,2.150581316760657,2.1633307652783937,2.1691011963483864,2.1691011963483864,2.1691011963483864,2.1691011963483864,2.1691011963483864,2.1691011963483864,2.1691011963483864,2.6,2.7829840100151495,2.7829840100151495,1,2.0,0.4609772228646444,0.25,0.4609772228646444,0.4609772228646444,0.4609772228646444,0.4609772228646444,0.4609772228646444,0.4609772228646444,0.4609772228646444,0.4609772228646444,0.4609772228646444,0.4609772228646444,0.4609772228646444,0.4609772228646444,0.4949747468305833,0.4949747468305833,0.4949747468305833,0.4949747468305833,0.5,0.5147815070493501,0.5147815070493501,0.5147815070493501,0.5147815070493501,0.5147815070493501,0.5147815070493501,0.570087712549569,0.570087712549569,0.6800735254367722,0.6800735254367722,0.6800735254367722,0.6800735254367722,0.6800735254367722,0.6800735254367722,0.7106335201775948,0.7106335201775948,0.7106335201775948,0.7106335201775948,0.7106335201775948,0.7106335201775948,0.7106335201775948,0.7106335201775948,0.7106335201775948,0.7106335201775948,0.7106335201775948,0.7106335201775948,0.7106335201775948,0.7106335201775948,0.7106335201775948,0.7106335201775948,0.7106335201775948,0.7106335201775948,0.7106335201775948
v3_sc3_staging_08,L5,3,1.5632621804103777,0.06893604300213187,2,2.0,3.0,1.85,3.0,3.0,3.0,3.0,3.0,3.0,3.0,3.0,3.0,3.0,3.0,3.0,3.0,3.0,3.0,3.0,3.0,3.0,3.0,3.0,3.0,3.0,3.0,3.0,3.0,3.0,3.0,3.0,3.0,3.0,3.0,3.0,3.0,3.0,3.0,3.0,3.0,3.0,3.0,3.0,3.0,3.0,3.0,3.0,3.0,3.0,3.0,3.0,3.0,3.0,1,2.0,0.7158910531638177,0.05,0.570087712549569,0.75,0.7566372975210779,0.7566372975210779,0.8558621384311845,0.9013878188659974,0.9013878188659974,0.9013878188659974,0.9013878188659974,0.912414379544733,0.9486832980505139,0.9486832980505139,0.9486832980505139,0.9486832980505139,0.9486832980505139,0.9486832980505139,1.004987562112089,1.0770329614269007,1.0770329614269007,1.1423659658795864,1.1510864433221337,1.1543396380615196,1.1543396380615196,1.1543396380615196,1.1704699910719627,1.25,1.25,1.25,1.2619429464123963,1.2619429464123963,1.2747548783981963,1.2776932339180638,1.3200378782444087,1.3509256086106296,1.3509256086106296,1.3509256086106296,1.588238017426859,1.588238017426859,1.588238017426859,1.588238017426859,1.6560495161679196,1.8607794065928396,1.8867962264113207,1.8867962264113207,1.929378138157474,1.929378138157474,1.929378138157474,2.274313083108832,3.0,3.0,1,2.0,0.38078865529319544,0.15000000000000002,0.42720018726587655,0.42720018726587655,0.552268050859363,0.552268050859363,0.552268050859363,0.552268050859363,0.552268050859363,0.552268050859363,0.552268050859363,0.552268050859363,0.552268050859363,0.6670832032063168,0.6670832032063168,0.6670832032063168,0.6670832032063168,0.8500000000000001,0.8500000000000001,0.8500000000000001,0.8500000000000001,0.8500000000000001,0.8500000000000001,0.8500000000000001,0.8500000000000001,0.8500000000000001,0.8500000000000001,0.8500000000000001,0.8500000000000001,0.8500000000000001,0.8500000000000001,0.8500000000000001,0.8500000000000001,0.8500000000000001,0.8500000000000001,0.8500000000000001,0.8500000000000001,0.8500000000000001,0.8500000000000001,0.8500000000000001,0.8500000000000001,0.8500000000000001,0.8500000000000001,0.8500000000000001,0.8500000000000001,0.8500000000000001,0.8500000000000001,0.8500000000000001,0.8500000000000001,0.8500000000000001,0.8500000000000001,0.8500000000000001
v3_sc3_staging_08,L5,4,1.9361628402456472,0.3568073206943621,0,0.0,0.0,0.0,0.0,0.0,0.0,0.0,0.0,0.0,0.0,0.0,0.0,0.0,0.0,0.0,0.0,0.0,0.0,0.0,0.0,0.0,0.0,0.0,0.0,0.0,0.0,0.0,0.0,0.0,0.0,0.0,0.0,0.0,0.0,0.0,0.0,0.0,0.0,0.0,0.0,0.0,0.0,0.0,0.0,0.0,0.0,0.0,0.0,0.0,0.0,0.0,0.0,0.0,1,2.0,2.7735356496717327,1.2010412149464313,2.804014978561991,2.933428028774526,2.933428028774526,2.9516944286290885,2.9516944286290885,2.9516944286290885,2.9516944286290885,2.9516944286290885,2.9516944286290885,2.9516944286290885,2.9516944286290885,2.9516944286290885,2.9516944286290885,2.9516944286290885,2.9516944286290885,2.9516944286290885,2.9516944286290885,2.9516944286290885,2.9516944286290885,2.9516944286290885,2.9516944286290885,2.9516944286290885,2.9516944286290885,2.9516944286290885,2.9516944286290885,2.9516944286290885,3.0,3.0,3.0,3.0,3.0,3.0,3.0,3.0,3.0,3.0,3.0,3.0,3.0,3.0,3.0,3.0,3.0,3.0,3.0,3.0,3.0,3.0,3.0,3.0,1,2.0,0.4716990566028302,0.18027756377319948,0.25495097567963926,0.25495097567963926,0.25495097567963926,0.25495097567963926,0.25495097567963926,0.25495097567963926,0.25495097567963926,0.25495097567963926,0.25495097567963926,0.25495097567963926,0.25495097567963926,0.41231056256176607,0.6726812023536856,0.6726812023536856,0.6726812023536856,0.6726812023536856,0.6726812023536856,0.6726812023536856,0.6726812023536856,0.6726812023536856,0.6726812023536856,0.6726812023536856,0.6726812023536856,0.6726812023536856,0.6726812023536856,0.6726812023536856,0.6726812023536856,0.6726812023536856,0.6726812023536856,0.6726812023536856,0.6726812023536856,0.6726812023536856,0.6726812023536856,0.6726812023536856,0.6726812023536856,0.6726812023536856,0.6726812023536856,0.6726812023536856,0.6726812023536856,0.6726812023536856,0.6726812023536856,0.6726812023536856,0.6726812023536856,0.6726812023536856,0.7071067811865476,0.7071067811865476,0.7071067811865476,0.7071067811865476,0.7071067811865476,0.7071067811865476
v3_sc3_staging_08,L5,5,1.5002304325515365,0.17656536516204233,2,2.0,3.0,1.5508062419270825,3.0,3.0,3.0,3.0,3.0,3.0,3.0,3.0,3.0,3.0,3.0,3.0,3.0,3.0,3.0,3.0,3.0,3.0,3.0,3.0,3.0,3.0,3.0,3.0,3.0,3.0,3.0,3.0,3.0,3.0,3.0,3.0,3.0,3.0,3.0,3.0,3.0,3.0,3.0,3.0,3.0,3.0,3.0,3.0,3.0,3.0,3.0,3.0,3.0,3.0,1,2.0,1.5008331019803636,0.05,1.3200378782444087,1.3200378782444087,1.3200378782444087,1.3200378782444087,1.3200378782444087,1.5008331019803636,1.5008331019803636,1.5337861650177969,1.5337861650177969,1.5435349040433133,1.5435349040433133,1.5443445211480502,1.5443445211480502,1.5443445211480502,1.5443445211480502,1.5443445211480502,1.5660459763365826,1.5660459763365826,1.5660459763365826,1.5660459763365826,1.5660459763365826,1.5660459763365826,1.5660459763365826,1.5660459763365826,1.5660459763365826,1.5660459763365826,1.6620770138594663,1.6620770138594663,1.6867127793433,1.6867127793433,1.6867127793433,1.6867127793433,1.6867127793433,1.6867127793433,1.6867127793433,1.6867127793433,1.6867127793433,1.6867127793433,1.8172781845386248,1.8172781845386248,2.0006249023742555,2.059732992404598,2.059732992404598,2.059732992404598,2.059732992404598,2.059732992404598,2.2051077071199945,2.2051077071199945,3.0,3.0,1,2.0,0.2692582403567252,0.2692582403567252,0.2692582403567252,0.2692582403567252,0.2692582403567252,0.2692582403567252,0.2692582403567252,0.2692582403567252,0.2692582403567252,0.2692582403567252,0.2692582403567252,0.2692582403567252,0.2692582403567252,0.2692582403567252,0.2692582403567252,0.2692582403567252,0.2692582403567252,0.2692582403567252,0.2692582403567252,0.2692582403567252,0.2692582403567252,0.2692582403567252,0.2692582403567252,0.2692582403567252,0.2692582403567252,0.2692582403567252,0.2692582403567252,0.2692582403567252,0.2692582403567252,0.2692582403567252,0.2692582403567252,0.2692582403567252,0.2692582403567252,0.2692582403567252,0.2692582403567252,0.2692582403567252,0.2692582403567252,0.2692582403567252,0.2692582403567252,0.2692582403567252,0.2692582403567252,0.2692582403567252,0.2692582403567252,0.2692582403567252,0.2692582403567252,0.2692582403567252,0.2692582403567252,0.2692582403567252,0.2692582403567252,0.2692582403567252,0.3905124837953327,0.3905124837953327
v3_sc3_staging_08,L5,6,1.1705521256807523,0.08216273999324122,2,2.0,3.0,1.7269916039170543,3.0,3.0,3.0,3.0,3.0,3.0,3.0,3.0,3.0,3.0,3.0,3.0,3.0,3.0,3.0,3.0,3.0,3.0,3.0,3.0,3.0,3.0,3.0,3.0,3.0,3.0,3.0,3.0,3.0,3.0,3.0,3.0,3.0,3.0,3.0,3.0,3.0,3.0,3.0,3.0,3.0,3.0,3.0,3.0,3.0,3.0,3.0,3.0,3.0,3.0,1,2.0,0.3354101966249685,0.158113883008419,0.35000000000000003,0.35000000000000003,0.35000000000000003,0.35000000000000003,0.35000000000000003,0.35000000000000003,0.35000000000000003,0.35000000000000003,0.35000000000000003,0.35000000000000003,0.35000000000000003,0.35000000000000003,0.35000000000000003,0.35000000000000003,0.35000000000000003,0.35000000000000003,0.35000000000000003,0.35000000000000003,0.35000000000000003,0.35000000000000003,0.35000000000000003,0.35000000000000003,0.35000000000000003,0.35000000000000003,0.49244289008980524,0.49244289008980524,0.49244289008980524,0.49244289008980524,0.49244289008980524,0.5147815070493501,0.5385164807134504,0.5385164807134504,0.6000000000000001,0.6000000000000001,0.6000000000000001,0.6000000000000001,0.608276253029822,0.6800735254367722,0.6800735254367722,0.6800735254367722,0.7071067811865476,0.7632168761236874,0.7632168761236874,0.7778174593052023,0.8062257748298549,0.8200609733428363,0.8602325267042628,0.9055385138137417,0.9500000000000001,0.9924716620639604,1,2.0,0.07071067811865477,0.07071067811865477,0.07071067811865477,0.07071067811865477,0.07071067811865477,0.07071067811865477,0.07071067811865477,0.07071067811865477,0.07071067811865477,0.07071067811865477,0.07071067811865477,0.07071067811865477,0.07071067811865477,0.07071067811865477,0.07071067811865477,0.07071067811865477,0.07071067811865477,0.07071067811865477,0.07071067811865477,0.07071067811865477,0.07071067811865477,0.07071067811865477,0.1,0.1,0.1,0.14142135623730953,0.14142135623730953,0.14142135623730953,0.14142135623730953,0.14142135623730953,0.2,0.2,0.2,0.2,0.20615528128088303,0.20615528128088303,0.20615528128088303,0.20615528128088303,0.20615528128088303,0.20615528128088303,0.20615528128088303,0.20615528128088303,0.20615528128088303,0.20615528128088303,0.20615528128088303,0.20615528128088303,0.20615528128088303,0.20615528128088303,0.20615528128088303,0.20615528128088303,0.25,0.25
v3_sc3_staging_08,L5,7,2.3846677093629225,0.4042449572221891,2,2.0,3.0,0.3535533905932738,3.0,3.0,3.0,3.0,3.0,3.0,3.0,3.0,3.0,3.0,3.0,3.0,3.0,3.0,3.0,3.0,3.0,3.0,3.0,3.0,3.0,3.0,3.0,3.0,3.0,3.0,3.0,3.0,3.0,3.0,3.0,3.0,3.0,3.0,3.0,3.0,3.0,3.0,3.0,3.0,3.0,3.0,3.0,3.0,3.0,3.0,3.0,3.0,3.0,3.0,1,2.0,1.30384048104053,0.14142135623730953,1.252996408614167,1.252996408614167,1.252996408614167,1.30384048104053,1.30384048104053,1.30384048104053,1.30384048104053,1.30384048104053,1.30384048104053,1.30384048104053,1.30384048104053,1.30384048104053,1.30384048104053,1.30384048104053,1.30384048104053,1.30384048104053,1.30384048104053,1.30384048104053,1.30384048104053,1.3647344063956182,1.3647344063956182,1.3647344063956182,1.4577379737113252,1.4577379737113252,1.4577379737113252,1.5116216457830975,1.6985287751463032,1.6985287751463032,1.6985287751463032,1.6985287751463032,1.6985287751463032,1.7691806012954132,1.7691806012954132,1.7691806012954132,1.7691806012954132,1.8200274723201297,1.876832437912346,1.89010581714358,1.89010581714358,1.9474342094150447,1.960229578391266,1.983053201505194,1.983053201505194,1.983053201505194,1.983053201505194,2.024845673131659,2.1633307652783937,2.1633307652783937,2.1633307652783937,2.1633307652783937,1,2.0,0.316227766016838,0.14142135623730953,0.32015621187164245,0.3354101966249685,0.40311288741492746,0.40311288741492746,0.40311288741492746,0.4609772228646444,0.4609772228646444,0.4609772228646444,0.4609772228646444,0.4716990566028302,0.4949747468305833,0.4949747468305833,0.5,0.5,0.5,0.5,0.5,0.5,0.5,0.5,0.5,0.5,0.5,0.5,0.5,0.5,0.5,0.5,0.5,0.5,0.5,0.5,0.5,0.5,0.5,0.5,0.5,0.5,0.5,0.5,0.5,0.5,0.5,0.5,0.5,0.5,0.5,0.5,0.5,0.5
v3_sc3_staging_08,L5,8,2.806248374318381,0.4357784954121162,1,1.0,1.8560711193270585,0.0,2.127204738618265,2.127204738618265,2.127204738618265,2.127204738618265,2.127204738618265,2.127204738618265,2.127204738618265,2.191460700081113,2.191460700081113,2.191460700081113,3.0,3.0,3.0,3.0,3.0,3.0,3.0,3.0,3.0,3.0,3.0,3.0,3.0,3.0,3.0,3.0,3.0,3.0,3.0,3.0,3.0,3.0,3.0,3.0,3.0,3.0,3.0,3.0,3.0,3.0,3.0,3.0,3.0,3.0,3.0,3.0,3.0,3.0,3.0,3.0,1,2.0,1.9704060495238034,0.38078865529319544,1.4115594213493106,1.4115594213493106,1.4115594213493106,1.4115594213493106,1.4150971698084907,1.4150971698084907,1.4150971698084907,1.4150971698084907,1.4150971698084907,1.4150971698084907,1.4150971698084907,1.4150971698084907,1.4150971698084907,1.4150971698084907,1.4150971698084907,1.6770509831248424,1.6770509831248424,1.6770509831248424,1.6770509831248424,1.6770509831248424,1.6770509831248424,1.6770509831248424,1.7000000000000002,1.7000000000000002,1.7000000000000002,1.8560711193270585,1.9557607215607946,2.0524375751773793,2.0524375751773793,2.0524375751773793,2.0524375751773793,2.0524375751773793,2.0524375751773793,2.0524375751773793,2.0524375751773793,2.0524375751773793,2.0524375751773793,2.147673159491453,2.147673159491453,2.147673159491453,2.247220505424423,2.247220505424423,2.247220505424423,2.247220505424423,2.247220505424423,2.247220505424423,2.247220505424423,2.247220505424423,2.247220505424423,2.247220505424423,1,2.0,0.14142135623730953,0.14142135623730953,0.14142135623730953,0.14142135623730953,0.14142135623730953,0.14142135623730953,0.14142135623730953,0.14142135623730953,0.14142135623730953,0.14142135623730953,0.14142135623730953,0.14142135623730953,0.14142135623730953,0.14142135623730953,0.14142135623730953,0.14142135623730953,0.15000000000000002,0.15000000000000002,0.15000000000000002,0.15000000000000002,0.15000000000000002,0.15000000000000002,0.15000000000000002,0.15000000000000002,0.15000000000000002,0.15000000000000002,0.158113883008419,0.158113883008419,0.158113883008419,0.158113883008419,0.158113883008419,0.158113883008419,0.20615528128088303,0.20615528128088303,0.20615528128088303,0.20615528128088303,0.20615528128088303,0.20615528128088303,0.20615528128088303,0.223606797749979,0.2692582403567252,0.3535533905932738,0.3535533905932738,0.3640054944640259,0.3640054944640259,0.3640054944640259,0.3640054944640259,0.3640054944640259,0.3640054944640259,0.3905124837953327,0.3905124837953327,0.3905124837953327
v3_sc3_staging_08,L5,9,1.5860352155576751,0.13732148876179698,2,2.0,1.2257650672131264,0.35000000000000003,1.6101242188104619,1.6101242188104619,3.0,3.0,3.0,3.0,3.0,3.0,3.0,3.0,3.0,3.0,3.0,3.0,3.0,3.0,3.0,3.0,3.0,3.0,3.0,3.0,3.0,3.0,3.0,3.0,3.0,3.0,3.0,3.0,3.0,3.0,3.0,3.0,3.0,3.0,3.0,3.0,3.0,3.0,3.0,3.0,3.0,3.0,3.0,3.0,3.0,3.0,3.0,3.0,1,2.0,0.29154759474226505,0.05,0.20615528128088303,0.32015621187164245,0.36055512754639896,0.36055512754639896,0.3640054944640259,0.3640054944640259,0.3640054944640259,0.40311288741492746,0.40311288741492746,0.447213595499958,0.447213595499958,0.447213595499958,0.447213595499958,0.45,0.45,0.45,0.5024937810560445,0.5024937810560445,0.5024937810560445,0.5024937810560445,0.6576473218982953,0.6576473218982953,0.6576473218982953,0.6576473218982953,0.6576473218982953,0.6576473218982953,0.6800735254367722,0.6800735254367722,0.6800735254367722,0.70178344238091,0.70178344238091,0.7071067811865476,0.75,0.75,0.7615773105863909,0.8514693182963202,0.8514693182963202,0.8631338250816034,0.8746427842267951,0.9219544457292888,1.5116216457830975,1.5116216457830975,1.5116216457830975,1.5116216457830975,1.5532224567009068,1.6643316977093239,1.7066048165876013,2.343608329051593,3.0,3.0,1,2.0,0.18027756377319948,0.14142135623730953,0.25,0.2692582403567252,0.2692582403567252,0.2692582403567252,0.2692582403567252,0.2692582403567252,0.316227766016838,0.316227766016838,0.316227766016838,0.316227766016838,0.316227766016838,0.316227766016838,0.316227766016838,0.316227766016838,0.316227766016838,0.316227766016838,0.316227766016838,0.316227766016838,0.316227766016838,0.316227766016838,0.316227766016838,0.316227766016838,0.316227766016838,0.316227766016838,0.316227766016838,0.316227766016838,0.316227766016838,0.316227766016838,0.316227766016838,0.316227766016838,0.316227766016838,0.316227766016838,0.316227766016838,0.316227766016838,0.316227766016838,0.316227766016838,0.316227766016838,0.316227766016838,0.316227766016838,0.316227766016838,0.316227766016838,0.316227766016838,0.316227766016838,0.316227766016838,0.316227766016838,0.316227766016838,0.316227766016838,0.316227766016838,0.316227766016838,0.316227766016838
